id,x,y,duration
2255205127,343990.3394540666,241055.73737213423,0
2255205127,343984.5872473247,241166.74055261124,44
2255205127,343963.42726630345,241287.88857754535,41
2255205127,343979.948488556,241413.3349214301,34
2255205127,343992.5660318341,241548.96649290092,45
2255205127,343972.6266847908,241660.08313028043,36
2255205127,343925.24173142144,241764.84862507193,35
2255205127,343843.64822529285,241862.36982934538,47
2255205127,343777.23752801976,241957.2040156913,42
2255205127,343677.14218848565,242034.3300438632,47
2255205127,343534.7395998873,242101.56321640144,46
2255205127,343419.3767961914,242132.21421553707,39
2255205127,343259.3529774758,242169.58859477093,49
2255205127,343141.07561905764,242207.30118076177,44
2255205127,343025.8119019611,242243.85584292538,42
2255205127,342906.69276089483,242284.70244552055,42
2255205127,342788.86225480237,242332.76225776586,48
2255205127,342677.1888716375,242373.82849240385,51
2255205127,342580.45754685067,242453.03664564568,38
2255205127,342451.8011451228,242495.6054408935,55
2255205127,342476.3969421781,242470.51168428984,52
2255205127,342573.69614451064,242396.74341851112,45
2255205127,342680.9505616148,242346.5124726236,48
2255205127,342796.7934609854,242316.2815151752,33
2255205127,342917.4468483904,242263.83798353892,46
2255205127,343040.403540236,242213.14046524232,51
2255205127,343161.3404587138,242186.73008358962,42
2255205127,343283.24040639185,242155.8574093512,45
2255205127,343400.3958036557,242125.39714586333,37
2255205127,343505.15086888504,242064.43317099486,43
2255205127,343617.3171494804,242001.5736296845,46
2255205127,343718.56538144615,241936.3314327601,40
2255205127,343801.2305170605,241845.7995908445,41
2255205127,343896.3946242186,241765.75071376568,41
2255205127,343960.290905862,241659.72222676314,38
2255205127,343993.1541505214,241546.95475683163,38
2255205127,343984.31147423293,241423.5004823811,46
2255205127,343955.21660061984,241308.82157116203,38
2255205127,343977.3090087854,241181.3177241342,43
2255205127,343986.53156951774,241063.25111145194,39
2255205127,343997.8731273221,241057.28683559038,7
2325823349,343975.41010252276,241083.1176644836,0
2325823349,343975.95360852324,241200.13973641186,41
2325823349,343957.83544431615,241308.89134947228,48
2325823349,343984.8776430912,241437.50850825594,35
2325823349,343990.3017943185,241558.23574687244,41
2325823349,343967.08359243016,241666.73440991557,34
2325823349,343922.58745319024,241775.57029632392,40
2325823349,343833.05044056673,241858.6443042492,43
2325823349,343749.37851556577,241946.52169334667,44
2325823349,343646.4178453558,242029.70113540057,47
2325823349,343537.471171872,242104.41212788498,48
2325823349,343429.2975744064,242153.9715692154,42
2325823349,343309.42443620524,242173.79490800644,37
2325823349,343177.66150707303,242199.4848611008,48
2325823349,343055.5335667366,242241.82219918206,50
2325823349,342934.0983076066,242275.69670459983,46
2325823349,342800.2756270976,242318.6729845468,43
2325823349,342682.93615027645,242375.7384375094,56
2325823349,342573.8396865484,242435.56627977145,49
2325823349,342457.5981340393,242492.063221564,43
2325823349,342521.1676428247,242466.45208396972,61
2325823349,342621.3029757284,242384.85174420668,52
2325823349,342735.2121577505,242332.95734707953,49
2325823349,342863.4789260867,242287.17610136798,55
2325823349,342984.41048276937,242243.40699060517,48
2325823349,343098.8862211918,242204.9727935238,41
2325823349,343227.3541020098,242180.00090411125,52
2325823349,343347.64596865233,242147.5980631846,47
2325823349,343467.4777867373,242103.52461177256,42
2325823349,343579.94392256066,242068.248495206,41
2325823349,343674.07800880086,241993.21764569764,48
2325823349,343774.46018109604,241921.09310464427,45
2325823349,343859.8477691105,241819.72817963368,49
2325823349,343946.1430718299,241714.56807090208,52
2325823349,343985.63005249936,241619.9399615744,35
2325823349,343989.97976556787,241498.72426055837,52
2325823349,343969.7994942833,241385.7953533982,36
2325823349,343964.56540372496,241268.40252171265,47
2325823349,343987.17030403455,241142.7818033477,44
2325823349,344003.3021883678,241082.56498095632,49
2325823349,344017.4645368483,241098.13780971768,8
2330817942,343997.872893464,241061.62542790413,0
2330817942,343989.3176624769,241178.34649994207,53
2330817942,343959.2801574251,241304.41863687237,43
2330817942,343979.6301416369,241423.68583305867,43
2330817942,343995.5449288532,241550.03180222306,41
2330817942,343969.9094105533,241653.7851322104,35
2330817942,343918.7138565711,241761.50342268735,41
2330817942,343838.09691533924,241855.4493702018,46
2330817942,343764.27386770083,241947.62014787726,41
2330817942,343669.9768054461,242016.86703060393,40
2330817942,343553.2056605501,242084.6935266172,43
2330817942,343435.1843075937,242130.07099161972,39
2330817942,343316.2158071276,242163.45179643843,47
2330817942,343196.857296005,242185.2720624362,35
2330817942,343068.1540488808,242217.03455231478,46
2330817942,342955.71492442326,242257.88422613195,35
2330817942,342838.7115698652,242297.47481807787,42
2330817942,342735.2488359595,242339.52031904354,40
2330817942,342615.8410719059,242387.83213585947,47
2330817942,342526.318117188,242461.25166802766,44
2330817942,342417.4438935548,242513.29214006034,44
2330817942,342490.32289005566,242475.6268582982,43
2330817942,342601.7634761522,242398.96110133053,52
2330817942,342712.6898405445,242345.77926952543,43
2330817942,342829.07692542457,242297.96332145168,45
2330817942,342953.4604587038,242259.03285205137,50
2330817942,343078.2037909382,242216.65111182467,43
2330817942,343193.71164104936,242190.99593584443,41
2330817942,343305.82383800356,242168.2900799961,37
2330817942,343416.4867838211,242136.71015480254,41
2330817942,343534.0889402962,242082.3279647926,45
2330817942,343646.1050571595,242018.69273143698,42
2330817942,343747.29148141656,241949.55847995798,44
2330817942,343826.5012787833,241866.98040132824,39
2330817942,343908.69490385073,241763.8870955041,49
2330817942,343962.46078613604,241666.25137982657,42
2330817942,343990.25334057154,241537.76725827472,49
2330817942,343975.46535434225,241404.28372543008,54
2330817942,343955.5194423623,241288.7925085955,38
2330817942,343975.45909994084,241164.54887752538,43
2330817942,343995.81195409806,241061.9917799167,40
2346189039,344000.0311020994,241058.6988827206,0
2346189039,343990.73098545003,241167.53328033042,47
2346189039,343968.2996912907,241282.36038553575,36
2346189039,343982.7056401843,241400.38674772705,40
2346189039,343996.3574341141,241509.97040104918,31
2346189039,343988.33458938566,241634.13663327298,43
2346189039,343934.6102788905,241730.10269626416,35
2346189039,343862.1218531815,241828.4805618369,42
2346189039,343801.0233152028,241923.8976563076,36
2346189039,343704.4777292793,242003.4141957941,44
2346189039,343608.46239188703,242059.78502307477,38
2346189039,343490.8751250837,242119.50502104452,52
2346189039,343373.53415561974,242155.6396821029,40
2346189039,343250.69010438176,242179.1829665089,36
2346189039,343121.1885761968,242212.73678446846,47
2346189039,343008.23776230717,242247.4748923183,44
2346189039,342882.778613398,242288.08995274175,45
2346189039,342771.8671663682,242333.81416510534,34
2346189039,342655.53596983076,242380.74060387543,49
2346189039,342559.4785895101,242463.27573260514,42
2346189039,342440.01732166123,242512.2602080063,56
2346189039,342541.0154252999,242458.67850432172,53
2346189039,342627.11274848017,242382.08825005544,42
2346189039,342749.3662353058,242330.8385307236,47
2346189039,342867.90543740045,242288.3287397679,47
2346189039,342979.6403611788,242246.5983780956,38
2346189039,343094.9743446517,242210.15276649455,43
2346189039,343230.3363595037,242181.28819416964,47
2346189039,343349.8484181683,242156.12888742157,39
2346189039,343458.4458326752,242120.24425926234,37
2346189039,343575.4520787305,242067.3187606223,43
2346189039,343667.047176834,241997.223017173,38
2346189039,343765.8347382578,241941.81056794012,39
2346189039,343845.81325894874,241846.87228646863,43
2346189039,343923.9143609692,241750.6301628641,39
2346189039,343976.01088040567,241638.89281346952,45
2346189039,343998.65999663784,241511.825138997,46
2346189039,343971.1661213616,241389.44483293465,43
2346189039,343963.274460783,241269.5354199442,37
2346189039,343986.8959094342,241155.91316064307,36
2346189039,344002.3082750252,241076.3509402633,42
2358364662,343993.3289706346,241061.80858259596,0
2358364662,343974.0520159382,241193.16134708567,52
2358364662,343956.22777220886,241324.82497395365,50
2358364662,343990.39749777375,241442.42720274482,35
2358364662,343995.4503479382,241570.16881679354,46
2358364662,343957.88852332183,241682.0094688629,34
2358364662,343903.6158073467,241791.111617224,45
2358364662,343828.5371171876,241869.39552131848,36
2358364662,343752.0129699375,241964.94672483148,45
2358364662,343636.05735613295,242045.2178576177,57
2358364662,343523.61973958043,242103.96521061927,45
2358364662,343392.18753274955,242150.55850922072,50
2358364662,343265.5520529197,242169.60079806164,38
2358364662,343127.8238922596,242214.18803936942,44
2358364662,342983.00328642956,242254.4429709309,61
2358364662,342868.9418683048,242288.53459201864,42
2358364662,342752.664193674,242338.90651640162,35
2358364662,342635.5115870237,242390.4077577137,49
2358364662,342543.89765072666,242462.3031858466,43
2358364662,342424.85142321576,242511.3925812947,50
2358364662,342455.11462859396,242487.5421770251,46
2358364662,342571.3547746044,242439.49996894423,48
2358364662,342672.61559593945,242363.5561432389,52
2358364662,342790.8467410158,242314.81963169848,40
2358364662,342904.6854630724,242275.50118383835,44
2358364662,343031.1143026445,242222.30027837388,52
2358364662,343152.0966815773,242194.44273306237,45
2358364662,343269.8079949358,242160.07685460773,45
2358364662,343397.2324641368,242134.34731174307,47
2358364662,343518.98047076166,242085.12721730937,41
2358364662,343631.2594034511,242020.70873669942,42
2358364662,343734.0435152031,241948.10017340735,47
2358364662,343816.7986606937,241867.57930870203,47
2358364662,343906.02153110114,241764.70818125544,36
2358364662,343963.6808139017,241669.34694861638,36
2358364662,344003.03958289395,241540.45727864688,58
2358364662,343988.63064506114,241426.54700059973,53
2358364662,343973.268555528,241291.62637872633,33
2358364662,343985.1485708514,241171.737733007,32
2358364662,344004.07939612976,241079.43779845926,55
2367200665,344001.48321067437,241050.33246479783,0
2367200665,343987.41674469336,241158.3523266323,45
2367200665,343965.36896656675,241266.94360242458,38
2367200665,343972.2592293612,241388.87129748805,34
2367200665,343996.9506235309,241512.63091508008,41
2367200665,343986.24063946813,241628.05125177035,41
2367200665,343938.0286977123,241732.8296972076,39
2367200665,343851.7200211617,241824.08441257302,45
2367200665,343780.36113298417,241924.00308369915,36
2367200665,343691.27394266013,241996.05925456178,36
2367200665,343582.108514128,242065.7666317966,45
2367200665,343463.46371560823,242119.60805616068,47
2367200665,343357.03496635845,242161.91025859944,38
2367200665,343241.3786379711,242182.66916239256,36
2367200665,343125.1515354398,242206.44354934804,37
2367200665,343002.51832702174,242243.00545537408,46
2367200665,342886.05264125083,242281.8075784869,45
2367200665,342772.4001862159,242324.12712584052,40
2367200665,342664.37983793684,242373.92342109117,39
2367200665,342569.4744822694,242446.7613227694,42
2367200665,342452.30171863927,242492.48244539544,48
2367200665,342485.7459619228,242486.49165533728,48
2367200665,342592.1474937987,242417.6942573634,49
2367200665,342696.64192417415,242358.6083602301,48
2367200665,342812.12448718067,242310.25032687827,48
2367200665,342933.05506362364,242266.4799666364,48
2367200665,343064.27605932683,242224.3276930863,50
2367200665,343187.07326646894,242193.6607639661,38
2367200665,343301.28229565127,242164.24648449098,40
2367200665,343420.9534679469,242131.74408925686,51
2367200665,343539.7797316814,242085.01851410425,44
2367200665,343636.16466931393,242030.3091545701,35
2367200665,343739.3282806019,241959.91958398186,42
2367200665,343835.59288794425,241871.28603249375,44
2367200665,343907.5858941285,241767.79828060087,51
2367200665,343962.2277719797,241664.5863797372,43
2367200665,343989.2412454033,241543.45682222425,42
2367200665,343976.181610859,241419.06809609174,46
2367200665,343957.4897105889,241300.10839547764,44
2367200665,343971.70590681763,241175.51038914244,44
2367200665,343988.9987107818,241062.4333433197,43
2367200665,343988.9987107818,241062.4333433197,0
2395303367,344305.93979195727,241113.1613507943,0
2395303367,344218.28529703734,241133.34440662246,48
2395303367,344098.10021533177,241135.13127294637,45
2395303367,344000.24053700455,241071.9338260771,62
2395303367,343987.05081612954,241165.700346849,52
2395303367,343961.2713317418,241282.24917049857,42
2395303367,343974.9110803541,241399.7314167958,39
2395303367,343997.09255755006,241534.65536593756,52
2395303367,343973.83652537095,241653.83420007717,42
2395303367,343911.9102466339,241766.83978863747,46
2395303367,343827.38409005164,241870.52627261885,49
2395303367,343742.2575809907,241966.5478349306,46
2395303367,343649.7250312907,242034.09840217617,36
2395303367,343537.4054504633,242095.95845471375,50
2395303367,343420.50459077046,242151.1081176147,52
2395303367,343307.25114552246,242175.72080076463,31
2395303367,343185.59801817825,242200.4703949329,41
2395303367,343069.5888242094,242224.910081574,43
2395303367,342959.8845510433,242264.49215261597,48
2395303367,342843.9187290293,242300.06110401242,42
2395303367,342768.4815861798,242328.86248636246,46
2395303367,342887.9967157457,242282.77759162517,42
2395303367,343017.6004599611,242234.30897816748,49
2395303367,343138.2975975135,242201.56081305322,46
2395303367,343256.8354093252,242171.52001057996,45
2395303367,343374.8609644923,242143.82639356633,47
2395303367,343502.98816049914,242101.62389258796,47
2395303367,343609.6501595338,242043.52417471068,37
2395303367,343723.57672831236,241974.2980232358,50
2395303367,343817.2874699547,241894.04812839732,41
2395303367,343890.92697688827,241798.87744914647,40
2395303367,343965.82742447674,241683.10746094713,55
2395303367,343995.0184218763,241555.9361711617,52
2395303367,343982.6903076853,241425.52857154259,46
2395303367,343963.2327843748,241293.00896920986,52
2395303367,343988.96340536757,241164.66886271344,50
2395303367,344013.42060396465,241095.0869067582,55
2395303367,344110.24294733553,241136.274318806,44
2395303367,344224.29304070043,241134.2508121719,32
2395303367,344330.64373239334,241115.7756198363,44
2395303367,344330.64373239334,241115.7756198363,0
2401660736,344293.17739810434,241094.5620255904,0
2401660736,344189.4222557269,241133.46624757594,48
2401660736,344079.7454473646,241124.51931654895,43
2401660736,343997.98400754394,241064.293570242,80
2401660736,343986.0566748,241163.8249016418,45
2401660736,343963.94125477405,241285.54427531367,40
2401660736,343974.5755371997,241400.29295851238,37
2401660736,343997.4183987844,241516.07213574316,40
2401660736,343985.77069734107,241633.17600568308,39
2401660736,343931.4721447674,241740.7207799533,40
2401660736,343857.00462466816,241835.90394351352,41
2401660736,343776.4660009737,241925.95609545545,38
2401660736,343675.077498937,241999.7652863689,34
2401660736,343571.8203574044,242072.82762573642,39
2401660736,343445.6722094581,242131.23875613464,48
2401660736,343317.0598717978,242164.55078435782,48
2401660736,343194.7440187918,242186.64081295958,37
2401660736,343072.38885248825,242223.41903182195,47
2401660736,342950.436072247,242259.41510158428,43
2401660736,342836.8129668323,242303.62388529076,46
2401660736,342721.64921870106,242341.8527507129,37
2401660736,342775.09632910514,242324.75126520073,48
2401660736,342893.04753119603,242279.91534906044,48
2401660736,343008.3634539774,242238.1281601399,41
2401660736,343130.4678702116,242207.24843856588,38
2401660736,343252.9837687678,242180.48127329705,48
2401660736,343382.06811609725,242142.2652086133,42
2401660736,343512.56298860913,242097.35527231876,41
2401660736,343622.44937864644,242042.76435970544,40
2401660736,343713.2757740605,241976.24159484013,35
2401660736,343794.827679157,241893.73702807626,42
2401660736,343870.3136586368,241802.09660837805,35
2401660736,343943.76098112937,241716.38573629846,36
2401660736,343988.2638462695,241599.2065192706,44
2401660736,343988.8351313551,241469.92967931187,45
2401660736,343959.6433503243,241357.8109337298,37
2401660736,343966.5200459048,241235.22029275296,43
2401660736,343988.6549394047,241119.06293326884,41
2401660736,344015.34782615094,241116.74935759028,44
2401660736,344123.7663063577,241141.95665765158,33
2401660736,344237.9719996748,241136.70487367,30
2401660736,344291.69325814757,241100.92643004266,24
2423109118,344306.9318268581,241132.39121868619,0
2423109118,344177.07116484124,241132.21505457256,66
2423109118,344053.04990161344,241113.59433701396,58
2423109118,343995.5106604239,241082.13204961782,89
2423109118,343978.2972319067,241195.87529352278,35
2423109118,343959.24084091233,241314.9876226344,41
2423109118,343992.3117402204,241441.506936519,44
2423109118,343992.8486128725,241584.22698817577,49
2423109118,343949.59706050484,241710.84224798088,47
2423109118,343867.4952487365,241815.49082078977,53
2423109118,343786.73358297336,241913.22231144004,41
2423109118,343689.4711135943,241990.97057770728,41
2423109118,343584.8165929298,242054.15392660938,51
2423109118,343469.4620529481,242098.37565908243,49
2423109118,343353.8734331068,242127.80806015496,45
2423109118,343235.57046878204,242172.63855704112,39
2423109118,343113.4604887438,242198.9546607585,34
2423109118,342999.2599400176,242237.38410729112,40
2423109118,342878.7430456371,242281.25744231534,46
2423109118,342772.95631241106,242341.5839316793,39
2423109118,342723.0299283173,242342.0530347263,50
2423109118,342850.2849336491,242297.622677635,51
2423109118,342975.03292829194,242251.34461482376,46
2423109118,343080.14607005945,242217.50998115365,35
2423109118,343210.2692205631,242188.39501573937,48
2423109118,343325.5273581485,242159.9657404311,37
2423109118,343442.9825795824,242122.38192103576,46
2423109118,343553.4718743041,242075.45584615401,40
2423109118,343655.3023583074,242016.65531844302,39
2423109118,343751.8911070132,241952.93407421233,39
2423109118,343831.9874425796,241861.10857956542,44
2423109118,343911.4898777788,241770.74006097973,38
2423109118,343964.88906332484,241658.64820146596,43
2423109118,343995.2643927583,241545.36391254154,36
2423109118,343983.7288326536,241421.50727843272,43
2423109118,343955.278426856,241308.37560844852,38
2423109118,343981.5289413361,241195.49040082766,36
2423109118,343987.6029549283,241074.35874158837,44
2423109118,344071.1225362872,241119.42708797293,48
2423109118,344184.2893611018,241144.3381230688,37
2423109118,344292.9756491944,241129.8300948625,33
2423109118,344316.4901751693,241109.43518678832,18
2428556671,343997.08512617985,241064.08530322596,0
2428556671,343982.30873937794,241175.12005917332,46
2428556671,343960.45505933196,241291.6067524184,37
2428556671,343982.3025715189,241409.73778651428,43
2428556671,343996.8239130184,241539.44319367217,46
2428556671,343968.23197596177,241652.25424821832,31
2428556671,343910.487006526,241768.3085393787,48
2428556671,343830.4158819296,241866.25082852552,41
2428556671,343718.38388961967,241976.93917206913,41
2428556671,343614.1559036169,242036.6664812342,56
2428556671,343508.81112674164,242099.6399556176,44
2428556671,343392.4153986962,242151.88983133016,38
2428556671,343272.0771796374,242181.39992662345,44
2428556671,343149.7880614916,242200.82072299247,39
2428556671,343022.0145022973,242234.6832261305,48
2428556671,342898.17944194557,242286.3965335989,48
2428556671,342791.26516685984,242323.71264891274,33
2428556671,342679.0058642954,242366.90194387198,44
2428556671,342593.60013231996,242430.90923475882,37
2428556671,342493.5590645146,242475.5746513951,39
2428556671,342428.91990195017,242494.63984125928,44
2428556671,342551.74498173746,242453.49941719172,41
2428556671,342635.853883845,242381.72498921503,41
2428556671,342763.2055290438,242334.84338920837,49
2428556671,342890.8573580565,242285.0678534374,47
2428556671,343010.3514221386,242237.54006400437,44
2428556671,343122.2452427111,242205.6000918676,38
2428556671,343241.3542147267,242185.4507150608,43
2428556671,343362.5390697891,242170.1659076893,47
2428556671,343462.53335925145,242121.73656388815,38
2428556671,343571.43357577827,242070.1638704909,37
2428556671,343663.33061932103,242006.0705467277,40
2428556671,343762.5134740283,241940.86208062078,35
2428556671,343842.81142799463,241853.03842888883,40
2428556671,343918.0676445027,241759.8449709277,42
2428556671,343973.73458654055,241643.04495382681,47
2428556671,343994.0608411727,241530.25351305044,39
2428556671,343980.2646648226,241411.54998134478,38
2428556671,343961.6595155476,241289.3627633812,40
2428556671,343978.1427314401,241177.41092045332,33
2428556671,343992.0342174389,241067.05762888043,41
2428556671,343992.0342174389,241067.05762888043,0
2504076074,344014.2925380039,241041.34136362426,0
2504076074,343980.22320147103,241173.92936573218,50
2504076074,343956.8237075109,241305.90372937702,45
2504076074,343985.7077997938,241433.37926785136,48
2504076074,343993.1022513062,241561.08381441562,44
2504076074,343966.5608437058,241668.52262299578,34
2504076074,343899.0763169431,241782.84010444512,48
2504076074,343823.82070055313,241884.71105538332,46
2504076074,343726.9138775022,241976.2474477745,49
2504076074,343621.0757051861,242043.0087002238,51
2504076074,343500.8185420083,242108.11073970463,54
2504076074,343387.82457034534,242149.07065563207,37
2504076074,343271.8630228732,242193.86295328516,51
2504076074,343143.0908544353,242212.7200156019,41
2504076074,343022.56488756853,242243.24039646622,43
2504076074,342911.03894757776,242280.85030932678,41
2504076074,342789.50077121134,242329.63708553044,48
2504076074,342677.09220977454,242367.82271821343,40
2504076074,342575.1761680646,242450.11808838358,55
2504076074,342442.2739870524,242506.995170022,57
2504076074,342528.09220583853,242460.22183794563,62
2504076074,342632.81008666684,242389.45003938465,50
2504076074,342746.24800893967,242338.23096254317,46
2504076074,342866.00600592775,242290.1391857289,54
2504076074,342983.54207763943,242245.08961351909,47
2504076074,343095.34949566075,242216.37656871363,30
2504076074,343226.5020778411,242187.02305271075,51
2504076074,343348.93905045255,242155.25342922617,45
2504076074,343472.0151831318,242098.66871348268,51
2504076074,343589.70552762086,242049.73753052508,44
2504076074,343686.60538322595,241988.34620904032,35
2504076074,343778.35708157957,241919.2513094949,39
2504076074,343858.44580782356,241818.19296453206,49
2504076074,343933.18541346863,241727.12162502686,38
2504076074,343987.5316964667,241622.57976195146,40
2504076074,344001.08687317563,241499.77216793067,77
2504076074,343972.35471020197,241386.1998834249,36
2504076074,343966.914465519,241260.1331329022,37
2504076074,343987.2671199506,241148.89879459533,37
2504076074,344002.67528546305,241082.1299175592,48
2523543422,343992.19331558363,241064.05147260719,0
2523543422,343978.1513215094,241182.30560384446,50
2523543422,343954.48738920514,241306.27446155995,42
2523543422,343979.4112102447,241422.91057724977,44
2523543422,343990.7963974613,241554.66804731637,48
2523543422,343968.82831432694,241663.81438853627,34
2523543422,343911.28152266773,241770.63211647124,44
2523543422,343829.2646769544,241863.15419856366,43
2523543422,343746.41926825506,241959.69573122688,47
2523543422,343646.204294829,242033.5981490889,44
2523543422,343531.7286310659,242089.81905018288,46
2523543422,343419.62006309093,242151.78970023594,47
2523543422,343302.50029710063,242180.1352773368,40
2523543422,343179.2386516757,242203.3532649051,43
2523543422,343063.8641417708,242233.01152581017,36
2523543422,342945.51722231554,242270.50742225646,38
2523543422,342828.951430623,242315.87606451125,46
2523543422,342716.60403113684,242362.1808312224,40
2523543422,342608.97028511396,242405.9648061748,41
2523543422,342509.00406033755,242476.66048062197,46
2523543422,342398.1359703874,242524.617405603,62
2523543422,342507.70547759964,242473.01027557813,49
2523543422,342598.14457872685,242400.91060038185,44
2523543422,342716.5681448963,242342.82446099393,48
2523543422,342834.58631540457,242302.21344395826,42
2523543422,342956.33999507624,242258.2079408613,53
2523543422,343084.1659766936,242227.68029560882,46
2523543422,343196.0302135683,242193.85126986523,38
2523543422,343309.31788209797,242167.1218222658,35
2523543422,343411.5697072394,242139.34723290458,37
2523543422,343522.4905595008,242084.96007224877,42
2523543422,343636.7031752374,242029.52186765813,49
2523543422,343739.88089753257,241951.34485289513,48
2523543422,343823.1694460325,241861.0259659107,47
2523543422,343903.85475735186,241771.41728053993,41
2523543422,343961.62152833224,241678.50172871765,36
2523543422,343993.58256081736,241560.9649659905,45
2523543422,343991.4626449658,241435.73558740324,45
2523543422,343960.8569456684,241308.28727810062,47
2523543422,343983.0606213867,241183.4515999477,44
2523543422,343995.2660110301,241066.67274591816,48
2531041836,343999.53490420134,241057.81676788128,0
2531041836,343981.8690984512,241173.4583296763,44
2531041836,343957.30227987666,241305.67365970655,45
2531041836,343982.9653683462,241434.20140050678,51
2531041836,343994.7449268088,241551.71315382433,38
2531041836,343971.6498585794,241667.99706135056,41
2531041836,343911.4329499239,241784.53547201055,49
2531041836,343829.8189903225,241872.04509398463,46
2531041836,343739.52075761545,241963.3651585565,48
2531041836,343641.553709728,242040.01313069672,42
2531041836,343535.3345458857,242099.99629507214,47
2531041836,343420.8402734018,242128.9647346263,34
2531041836,343304.78166962316,242163.4118779034,43
2531041836,343174.43783367437,242187.4105498455,49
2531041836,343047.5880730649,242227.37617565645,49
2531041836,342927.0359026704,242264.79659019678,51
2531041836,342802.63557601784,242315.52015118563,51
2531041836,342685.1966086395,242362.1299437058,45
2531041836,342590.77114317776,242413.48905080213,42
2531041836,342501.8180496951,242475.21893058025,43
2531041836,342490.1073545193,242475.07410056854,59
2531041836,342596.9986097807,242415.27991347434,48
2531041836,342697.5477942291,242359.26126509556,44
2531041836,342813.19224656024,242308.11948219547,46
2531041836,342925.003342428,242262.60426813504,41
2531041836,343044.20092057274,242222.31309549662,54
2531041836,343163.3976569057,242203.3841554005,38
2531041836,343284.42911229376,242178.5327015904,43
2531041836,343399.09876183106,242134.76253015117,49
2531041836,343520.6725080433,242096.22490284167,40
2531041836,343625.6345295529,242039.4875607001,34
2531041836,343731.01547668915,241965.613914856,47
2531041836,343824.2497017408,241890.04406308773,41
2531041836,343888.08791730646,241789.24404187838,44
2531041836,343947.0796652284,241695.41892361065,39
2531041836,343990.08296137943,241592.28047425637,37
2531041836,343988.53127972066,241472.4931455499,39
2531041836,343951.9970276996,241357.82076513133,43
2531041836,343959.1335630564,241225.54760018684,48
2531041836,343981.2045287445,241114.0635455429,40
2531041836,344003.25643105805,241079.67331258196,32
2548330632,343998.42740532267,241061.83914460632,0
2548330632,343986.2208248031,241165.4909918399,62
2548330632,343964.70744221174,241290.42696509097,45
2548330632,343979.2705657903,241409.6745372414,38
2548330632,343993.21858718246,241529.26563075226,47
2548330632,343982.66563997534,241650.24579439813,38
2548330632,343927.1032731992,241751.91459399782,36
2548330632,343845.2409668917,241858.56220212503,48
2548330632,343768.8505385829,241940.8727220937,36
2548330632,343668.21108617046,242014.1139416176,49
2548330632,343569.09284934244,242083.21693936066,39
2548330632,343445.88410613907,242131.56911753147,48
2548330632,343320.1632512001,242177.73956337746,47
2548330632,343176.56459097797,242195.49753025494,45
2548330632,343046.0773893144,242231.96148854302,54
2548330632,342926.9214952554,242287.715244031,49
2548330632,342814.8250398837,242315.43553399714,41
2548330632,342694.37239403784,242363.09475302324,49
2548330632,342588.2447836907,242436.22412678943,49
2548330632,342477.6628596938,242497.74676999135,53
2548330632,342540.07081929,242451.35143538244,55
2548330632,342637.2962789426,242381.47926862445,41
2548330632,342759.5373611148,242329.45127240097,59
2548330632,342878.6767515119,242285.70837538934,44
2548330632,342993.28423671925,242242.70849319996,46
2548330632,343138.7463422847,242203.7785633761,39
2548330632,343254.9748918164,242175.77710509108,55
2548330632,343377.3136220284,242146.45717695222,48
2548330632,343496.52420043765,242102.28309147572,44
2548330632,343598.47513920604,242038.1396375033,42
2548330632,343713.1980784071,241975.68659819273,42
2548330632,343805.6514964306,241890.0053948447,44
2548330632,343880.4138288979,241796.15169495833,44
2548330632,343949.2727858477,241694.71671302326,39
2548330632,343989.7863687409,241590.95021750784,39
2548330632,343997.5017670827,241473.46362105594,44
2548330632,343960.1608505382,241355.68906688358,41
2548330632,343968.0471434262,241244.65201849543,35
2548330632,343994.278974753,241130.5434961522,41
2548330632,344006.90218315116,241066.26612100488,58
2647412939,343998.6393072314,241062.16952891072,0
2647412939,343986.37221264606,241175.05574211944,55
2647412939,343964.9263808184,241291.20222018397,36
2647412939,343985.12310885685,241400.793464532,44
2647412939,343993.4696255656,241523.3656220212,39
2647412939,343980.2504461801,241641.27310539928,42
2647412939,343935.7947630821,241739.65109077294,34
2647412939,343856.5489511331,241841.91845751973,55
2647412939,343762.32101260324,241937.41650542308,45
2647412939,343661.29325827595,242016.5600787638,48
2647412939,343552.10567104473,242084.8222834281,49
2647412939,343439.7399526309,242135.00445226207,47
2647412939,343308.8447493582,242167.6856094107,46
2647412939,343193.5104007334,242191.33289343247,45
2647412939,343080.1632790387,242214.28355441138,34
2647412939,342955.43663654994,242262.00481634733,51
2647412939,342840.55268617254,242304.8987778625,48
2647412939,342727.1613229943,242341.9865807842,37
2647412939,342604.6679619085,242399.69303920248,56
2647412939,342502.7712528452,242474.53607338015,63
2647412939,342450.1079880856,242488.8467021986,56
2647412939,342566.35164350976,242441.02681329777,51
2647412939,342667.7153672411,242375.7609254815,42
2647412939,342783.8161168107,242323.05364679964,53
2647412939,342895.0818841929,242282.21887635073,42
2647412939,343002.8797750441,242239.7735090496,44
2647412939,343125.86625792447,242203.76219298335,39
2647412939,343257.1681573669,242179.413194196,42
2647412939,343379.7641630848,242144.63813890755,49
2647412939,343500.0590797114,242103.67298412696,52
2647412939,343617.0767473027,242051.41577419185,45
2647412939,343711.6002698494,241987.83781632723,39
2647412939,343807.30231797264,241902.88375089318,48
2647412939,343872.713116028,241810.06828471523,37
2647412939,343948.2040732721,241705.5245016463,48
2647412939,343989.4013363618,241592.73624765303,48
2647412939,343992.27545848134,241460.97554950905,50
2647412939,343962.266847161,241332.07158347295,53
2647412939,343977.31520537985,241199.1169695697,52
2647412939,343997.3337554545,241071.08985808637,55
2647412939,344019.55839201907,241108.56179365993,35
2653596471,344000.8872729818,241064.91510261502,0
2653596471,343980.7862892988,241179.0377637531,53
2653596471,343958.74328026676,241305.3171051091,48
2653596471,343984.0657182917,241429.7341449525,44
2653596471,343994.25074658747,241546.60366191092,42
2653596471,343978.94688109506,241650.30466691975,36
2653596471,343926.44458174304,241753.81621179072,41
2653596471,343852.71361082396,241851.99142361054,44
2653596471,343777.4812434146,241937.84331761464,40
2653596471,343690.03994176793,242009.4284085972,37
2653596471,343585.44259942166,242080.50933315762,58
2653596471,343463.04346855846,242119.16976813012,41
2653596471,343342.3893089434,242163.47895543865,46
2653596471,343222.0613459565,242184.98035327415,41
2653596471,343107.78791392804,242214.61998497735,47
2653596471,342985.130743981,242253.9638747329,49
2653596471,342865.72164781124,242289.58751796355,47
2653596471,342755.61249455885,242346.64638582087,45
2653596471,342636.05069740245,242385.39296684047,51
2653596471,342552.7763537897,242461.93755860935,42
2653596471,342444.1581884633,242508.52221306268,56
2653596471,342540.2010008639,242463.69774744357,44
2653596471,342630.3446052755,242386.0410901977,56
2653596471,342743.91046497854,242347.057050622,46
2653596471,342850.04183612677,242291.0630242388,45
2653596471,342961.93244277546,242263.34684246837,48
2653596471,343069.08126871847,242219.0221407563,48
2653596471,343191.8186673255,242188.91252262087,48
2653596471,343327.88631887035,242161.04054584133,52
2653596471,343453.799938709,242139.89766650816,57
2653596471,343577.80427747127,242076.6260156043,48
2653596471,343691.9820595318,242001.61031234503,59
2653596471,343771.3984643756,241919.13927587908,44
2653596471,343862.8372084121,241817.12211963913,51
2653596471,343944.5258709159,241708.1414165977,55
2653596471,343989.5394850074,241584.05687584577,55
2653596471,343986.2929106988,241457.2878827289,51
2653596471,343952.0883202741,241328.7841294277,53
2653596471,343977.3030927693,241193.99984999158,51
2653596471,343993.1658925619,241073.2694876248,56
2667826250,343992.6626542674,241071.9425014007,0
2667826250,343985.92575126345,241168.61054703977,48
2667826250,343962.4219882339,241298.36161090957,49
2667826250,343989.9939414741,241425.63545435364,47
2667826250,344000.42702823435,241558.18673207134,51
2667826250,343961.37248375494,241680.17436230683,41
2667826250,343900.3226743045,241791.94252802915,50
2667826250,343813.6182984697,241897.22123266832,54
2667826250,343719.79115251335,241978.8080027395,45
2667826250,343615.38327616965,242044.5454425605,42
2667826250,343500.8790108787,242116.2307588067,61
2667826250,343389.18789171847,242152.49754664564,41
2667826250,343260.80834206013,242174.4601867465,52
2667826250,343132.81205936754,242203.09480094386,43
2667826250,343004.07063779334,242245.31675262342,52
2667826250,342879.0906730441,242290.04035230458,48
2667826250,342759.0714576446,242330.45998447208,39
2667826250,342650.10529464006,242381.38427057635,59
2667826250,342559.05005774496,242458.05403408257,49
2667826250,342447.05545598664,242508.80918726593,48
2667826250,342458.41785525566,242487.37761804427,53
2667826250,342578.5641127862,242442.3874533401,45
2667826250,342672.6460281633,242365.44684989948,49
2667826250,342793.99620327214,242322.22254884295,44
2667826250,342912.2240891295,242273.15526841057,51
2667826250,343027.2405823942,242234.15449253866,44
2667826250,343157.9781263777,242196.1285826892,51
2667826250,343281.81738411833,242174.56954586244,47
2667826250,343410.4218442632,242136.47313212312,51
2667826250,343523.61732808466,242090.8381835384,42
2667826250,343634.8583140507,242039.11838144605,39
2667826250,343735.24432228354,241971.6652910174,45
2667826250,343826.538103086,241886.6703779442,43
2667826250,343904.03818367777,241778.64536659716,52
2667826250,343973.6651454114,241656.06183313328,56
2667826250,343996.17615643237,241533.3349188817,46
2667826250,343975.17735049763,241407.84815482423,44
2667826250,343965.1369098091,241282.74419695296,42
2667826250,343988.2187948463,241152.4436004436,46
2667826250,343994.5292883755,241072.35794402333,30
2673695982,343993.85050194355,241051.23197196668,0
2673695982,343987.39034031413,241156.68405626348,44
2673695982,343966.56715367024,241286.05893045792,46
2673695982,343990.25619216636,241407.38697079325,41
2673695982,344006.72917520045,241525.4919314002,42
2673695982,343977.70749005734,241645.98569542507,42
2673695982,343923.2113305261,241758.42852312897,47
2673695982,343846.16117716546,241842.75066349958,36
2673695982,343763.3892565677,241939.62446888804,49
2673695982,343663.24584660213,242005.07067830954,41
2673695982,343564.13280241424,242074.50742650818,44
2673695982,343450.06801668514,242121.82399264263,36
2673695982,343335.37241930317,242159.69733251078,54
2673695982,343214.105260904,242182.77136267175,39
2673695982,343100.9484123711,242204.71728535515,41
2673695982,342985.9335885586,242239.6001849189,44
2673695982,342860.2515620579,242287.7841586123,43
2673695982,342749.72840297146,242331.94517502352,49
2673695982,342627.6544359102,242372.95728208718,44
2673695982,342547.0951103252,242455.5768213753,46
2673695982,342439.8749526394,242494.90797248075,44
2673695982,342550.1616584067,242462.09095535649,52
2673695982,342626.79096139385,242387.76702339726,39
2673695982,342739.27023734635,242336.89696754748,45
2673695982,342843.3625130027,242299.7362973129,39
2673695982,342966.57838940213,242256.7087820918,44
2673695982,343087.4307966479,242216.5033584477,44
2673695982,343212.10173232085,242186.69702095847,47
2673695982,343345.6235346503,242158.9774773887,54
2673695982,343461.2306145968,242126.429672877,46
2673695982,343569.2953695541,242069.9754078869,38
2673695982,343691.1379876046,241996.17266119126,53
2673695982,343793.6533771115,241910.88756775437,54
2673695982,343870.4422797092,241814.55412892194,47
2673695982,343944.2928521558,241706.47641719796,47
2673695982,343992.23191255296,241593.13642647717,44
2673695982,343994.45438981126,241463.7222103192,47
2673695982,343957.47001610196,241346.72075292811,45
2673695982,343973.282614073,241218.5375926459,49
2673695982,343987.71295419044,241098.7198467101,37
2673695982,343993.1243385424,241057.58447819942,13
2690515957,344002.8371000169,241061.8806102543,0
2690515957,343987.3034224806,241164.25015219615,50
2690515957,343966.21927746484,241285.84194627812,44
2690515957,343982.93627042655,241414.95631417993,46
2690515957,343999.7392279386,241540.84324977495,51
2690515957,343975.58791297657,241660.03624629602,46
2690515957,343923.3470090395,241766.99231790152,47
2690515957,343842.15631087497,241855.16249470803,45
2690515957,343740.8520687854,241960.4516158608,56
2690515957,343639.89740754315,242035.47837170627,49
2690515957,343531.4683929305,242112.4061956741,56
2690515957,343412.2160447149,242141.00562150113,35
2690515957,343290.43716859823,242175.21059250057,48
2690515957,343158.35800429987,242198.34743627085,49
2690515957,343020.5174494843,242235.81968345935,60
2690515957,342895.5485827202,242285.54878673016,51
2690515957,342783.3573584815,242324.50722874101,48
2690515957,342663.1762342093,242376.16773329594,57
2690515957,342576.5345999876,242453.21111052635,48
2690515957,342459.3146142292,242500.26779711223,54
2690515957,342474.74197051534,242474.65452659834,45
2690515957,342581.75134416,242422.20040067373,55
2690515957,342694.8006989804,242359.75045586942,45
2690515957,342803.5763394744,242314.0588256757,41
2690515957,342930.3096819642,242267.0802456927,52
2690515957,343040.18283560104,242225.1586357382,39
2690515957,343154.8818081148,242200.62798055395,44
2690515957,343274.9701594936,242172.7877329628,48
2690515957,343399.7209138562,242143.54107232764,57
2690515957,343508.40460063214,242091.41420250566,40
2690515957,343617.6766417119,242037.16671184293,49
2690515957,343727.54413201625,241963.8891113056,50
2690515957,343824.47404127964,241882.47576884337,46
2690515957,343897.32803321094,241789.8763130213,36
2690515957,343959.12457939377,241681.76740289072,45
2690515957,344001.1891920963,241571.5241835984,45
2690515957,343989.63199258473,241424.5287240594,48
2690515957,343963.7160538563,241306.12833675306,45
2690515957,343988.98869956145,241188.03009884775,44
2690515957,343994.6016823806,241072.57929008245,33
2690515957,343993.3895042442,241052.57421789673,7
2711550566,343996.49166119675,241065.76338279468,0
2711550566,343981.72409610305,241177.3542310762,50
2711550566,343967.5499186547,241304.6214401028,42
2711550566,343979.9658890538,241418.78569685313,43
2711550566,343997.65229887347,241535.2027364617,44
2711550566,343973.8439525706,241645.6018798367,41
2711550566,343922.0636855506,241755.5543089119,43
2711550566,343833.07337404514,241860.09013977565,54
2711550566,343741.5830946664,241967.448515451,54
2711550566,343632.4779086173,242028.03161121364,43
2711550566,343530.94720707164,242105.62846937997,46
2711550566,343416.9998704591,242151.6089888616,47
2711550566,343298.76689568744,242170.62770247727,41
2711550566,343192.7585261407,242208.9218675755,46
2711550566,343081.54876867554,242223.38358835183,40
2711550566,342964.6482113682,242265.1944824357,50
2711550566,342851.18168124626,242306.28552161914,46
2711550566,342748.31996035925,242360.00201816112,46
2711550566,342633.4934694303,242397.6713035241,40
2711550566,342545.5203925289,242477.5178558739,46
2711550566,342503.6183527529,242480.08475811733,55
2711550566,342605.9887635617,242400.45049030683,55
2711550566,342717.7333391999,242342.47197639773,59
2711550566,342832.3213268287,242294.12881450227,47
2711550566,342953.6773831938,242246.79223897273,37
2711550566,343076.7874420746,242214.22636846488,44
2711550566,343194.3611007576,242188.53812695824,42
2711550566,343315.19140576076,242159.68577325688,44
2711550566,343430.367106375,242121.69306736643,46
2711550566,343547.10056335904,242055.97792393435,43
2711550566,343663.7789668771,241999.611138849,51
2711550566,343761.7436288814,241931.418379877,39
2711550566,343829.8140567589,241845.67984632822,45
2711550566,343911.7924405786,241750.710980052,45
2711550566,343974.57330458134,241643.81039666903,44
2711550566,343996.91498457117,241519.08374393644,39
2711550566,343976.2812216655,241403.60333385319,46
2711550566,343955.80001989176,241293.46039477008,42
2711550566,343976.265360318,241180.66676933318,37
2711550566,343991.08230381005,241067.85141503857,35
2711550566,344031.6273209179,241105.03349325748,30
2772848061,343958.5089149716,241020.75379675155,0
2772848061,343982.70436989056,241174.0013380379,58
2772848061,343960.6771341398,241301.2816317352,48
2772848061,343989.0810405594,241424.53744473308,54
2772848061,344001.38984659733,241549.3830638203,44
2772848061,343963.9631383834,241674.12605571555,50
2772848061,343914.8781881318,241775.9149358637,46
2772848061,343839.3027318128,241866.3323626236,42
2772848061,343749.54801488266,241944.18283248937,48
2772848061,343640.37224803504,242030.68723290705,57
2772848061,343525.2280963742,242101.1584403572,59
2772848061,343411.44826335774,242144.6889962937,50
2772848061,343283.97019518126,242179.9862358785,49
2772848061,343166.3916453769,242214.01592938678,40
2772848061,343026.47488139383,242237.94914772094,48
2772848061,342911.30488255,242297.42180023668,55
2772848061,342773.9096246285,242332.33512323728,43
2772848061,342670.10040168016,242382.7310867554,45
2772848061,342564.95408269414,242444.05300542671,48
2772848061,342489.8079368489,242477.86010541895,62
2772848061,342605.81546364835,242406.79435519816,59
2772848061,342711.7661372085,242352.5801862342,48
2772848061,342833.1045853885,242300.01231034298,52
2772848061,342955.8187478249,242255.7688742025,41
2772848061,343070.5694312081,242217.32960775582,45
2772848061,343193.1750002685,242191.89448942826,56
2772848061,343320.9497093268,242166.60236249113,53
2772848061,343437.668564795,242130.36512620188,43
2772848061,343553.14173722384,242076.35107185697,45
2772848061,343658.852975505,242010.36908338935,42
2772848061,343767.277313481,241932.88797440496,56
2772848061,343856.69566324155,241833.79516713135,47
2772848061,343939.11612318415,241740.59969350608,37
2772848061,343984.62265946926,241638.97897003335,43
2772848061,344005.3665750559,241513.3876877986,45
2772848061,343979.91213366773,241397.98355799424,38
2772848061,343973.91365728684,241280.15783685987,37
2772848061,343979.47680959845,241161.59288637113,43
2772848061,344004.9058809945,241079.42472049734,49
2772848061,344020.45676157024,241117.44724957022,16
2780430474,343999.2699678914,241058.48843553034,0
2780430474,343983.0276073351,241172.66127102252,52
2780430474,343965.090732653,241288.529715952,45
2780430474,343981.81344483036,241409.3005455301,41
2780430474,343996.05404912407,241538.67665708403,52
2780430474,343969.54357384786,241661.1331597172,44
2780430474,343913.62290758465,241770.59501613025,43
2780430474,343841.0559875797,241872.6455828466,44
2780430474,343754.6844368449,241959.67573718517,53
2780430474,343655.3202335383,242026.44470242824,51
2780430474,343556.43872443895,242088.7581745074,39
2780430474,343434.9118097046,242147.54101687507,52
2780430474,343317.7723335026,242174.66283587512,34
2780430474,343203.5207785783,242201.40750764898,34
2780430474,343069.30631849705,242237.3742254345,53
2780430474,342939.3296904233,242275.5015330509,52
2780430474,342824.7760373127,242326.0665957895,43
2780430474,342698.0809178354,242375.27223148884,49
2780430474,342594.13919487153,242425.89443862333,39
2780430474,342476.5995351779,242495.8727283007,51
2780430474,342445.3371627244,242500.4933976116,56
2780430474,342554.18970095494,242451.3463165101,46
2780430474,342643.994030016,242378.25650801352,44
2780430474,342752.28146639164,242332.23786243913,39
2780430474,342864.4982893021,242290.60838189884,50
2780430474,342986.5618086165,242248.71233831107,43
2780430474,343105.85396214697,242209.9785881383,46
2780430474,343234.56873740506,242183.22298447625,48
2780430474,343361.6410623492,242157.05315963295,48
2780430474,343484.75853545615,242111.7039796142,39
2780430474,343599.50332459423,242055.1439583687,45
2780430474,343713.88497098756,241979.9030412446,58
2780430474,343804.7809518341,241895.91525259713,37
2780430474,343880.4861130632,241800.71163762623,40
2780430474,343951.1798774219,241693.35155733116,50
2780430474,343996.3315363455,241569.26490187144,51
2780430474,343993.0761221251,241446.27841319417,47
2780430474,343965.0523770319,241316.56429611228,51
2780430474,343977.66681943747,241195.21779723186,38
2780430474,343992.1697481163,241075.62141574756,35
2780430474,343993.2480057826,241056.69255416095,11
2786223763,343995.9895853249,241042.7434347985,0
2786223763,343973.0514559264,241177.8252522864,63
2786223763,343956.2163883045,241302.3534761147,40
2786223763,343989.3441937659,241423.75455791323,51
2786223763,343990.29651294975,241557.90209260368,48
2786223763,343949.9616085135,241690.36720955872,36
2786223763,343890.5421130157,241796.32488994108,36
2786223763,343802.14303155977,241890.2835584213,41
2786223763,343706.50261262583,241974.791752693,45
2786223763,343602.0278699298,242044.98038515833,40
2786223763,343488.49950206553,242104.41336608626,46
2786223763,343371.21281515737,242161.23904010444,44
2786223763,343244.5297385362,242194.5221792694,51
2786223763,343123.0583430655,242226.27893960156,41
2786223763,342993.6559474079,242248.70985319378,39
2786223763,342878.08459698554,242291.72520490747,41
2786223763,342762.02335648297,242329.85628991778,39
2786223763,342642.4513486198,242372.27401662234,44
2786223763,342541.4497144227,242451.4404511861,45
2786223763,342421.7092666463,242513.0007734013,50
2786223763,342456.13064834476,242490.75194185902,49
2786223763,342572.71321150695,242442.59299005184,47
2786223763,342657.16702938225,242379.37938305148,43
2786223763,342783.4074772994,242319.05533089378,46
2786223763,342903.47994295176,242277.63421870518,49
2786223763,343024.8579352057,242240.19999127067,56
2786223763,343152.0934971814,242211.46350591705,42
2786223763,343290.86317314726,242180.32112594467,49
2786223763,343419.9055302143,242143.7754085092,49
2786223763,343541.72728929145,242086.21121605812,52
2786223763,343645.5366970946,242026.2665122733,52
2786223763,343748.7533956625,241924.50487977563,50
2786223763,343832.23869705945,241824.83836666343,46
2786223763,343900.2082116564,241719.52316837315,40
2786223763,343960.6460308058,241612.54830485623,37
2786223763,343988.687538465,241491.0687446682,34
2786223763,343965.3998596559,241364.61703667493,40
2786223763,343966.004489287,241233.11478273466,44
2786223763,343990.09599590825,241118.70638831216,33
2786223763,343987.26585108356,241070.47047146427,16
2791088294,343990.3167994657,241049.95294569666,0
2791088294,343991.099991136,241169.08488256525,47
2791088294,343962.0883945331,241294.6957772231,48
2791088294,343989.360464408,241416.07833109668,47
2791088294,343994.6219157834,241539.58929215086,41
2791088294,343978.1285133044,241668.2282260068,41
2791088294,343913.88901171595,241787.388951534,50
2791088294,343813.75973217137,241880.0870869427,48
2791088294,343729.083849829,241969.76070311933,43
2791088294,343614.5550477492,242040.1087662612,46
2791088294,343496.86720138916,242110.84359521302,50
2791088294,343377.74554564466,242160.5785801977,48
2791088294,343255.4000524345,242189.4536293813,47
2791088294,343133.4174312722,242215.09974164813,42
2791088294,343001.12757728173,242246.47639420838,51
2791088294,342873.76065477973,242301.25059643842,52
2791088294,342752.1043892601,242346.92528765753,44
2791088294,342636.52472550777,242389.16772737028,46
2791088294,342538.4276258421,242460.50017771736,45
2791088294,342426.4338950248,242507.02839740476,52
2791088294,342533.8641825941,242455.12265543244,47
2791088294,342627.1455755938,242371.29677395825,51
2791088294,342733.66957418364,242326.97482896858,44
2791088294,342856.42412923067,242289.62556827848,46
2791088294,342978.18157614913,242232.93842977105,46
2791088294,343100.62785060774,242210.50723947928,46
2791088294,343230.4891362927,242173.60974382266,36
2791088294,343351.81902624125,242137.18554556306,43
2791088294,343483.5246609125,242086.13698007335,53
2791088294,343605.59772126377,242035.57890863798,50
2791088294,343711.7924407419,241960.91318574105,49
2791088294,343812.74099605676,241872.31602204818,48
2791088294,343912.9766948627,241768.9365649972,55
2791088294,343979.33034047997,241644.0688213815,48
2791088294,343995.9717448654,241524.77221626486,45
2791088294,343969.9352746492,241390.02054931247,51
2791088294,343969.0510337852,241264.5491437844,49
2791088294,343991.0201440288,241142.2758884639,38
2791088294,344004.7470151679,241078.09228397888,42
2803114902,343998.26173167606,241055.72324396303,0
2803114902,343972.54822159524,241176.49826792377,66
2803114902,343970.1544771058,241308.14007464057,48
2803114902,343997.52288376156,241439.97826082562,47
2803114902,343986.8288262197,241586.8809330737,37
2803114902,343949.2722795547,241707.73250361584,38
2803114902,343875.30535458616,241804.13114760508,38
2803114902,343781.31648983416,241893.061493629,48
2803114902,343683.5805753139,241975.712211516,44
2803114902,343574.5311091766,242039.74433953204,46
2803114902,343468.27095252497,242110.07550673897,45
2803114902,343348.28063541075,242157.1551267018,45
2803114902,343216.24795731215,242191.859322012,53
2803114902,343089.69836952555,242220.47192720033,46
2803114902,342969.2188666756,242262.45126519288,48
2803114902,342854.224880416,242302.78800055292,47
2803114902,342726.70707213826,242348.00121544808,49
2803114902,342606.43288749177,242389.54114006937,48
2803114902,342494.60691670445,242472.2203383533,55
2803114902,342405.9943276649,242512.25331579917,128
2803114902,342510.01176851045,242475.08676998102,105
2803114902,342599.2119725148,242390.213701597,48
2803114902,342723.8365284498,242340.81634520262,49
2803114902,342852.23455183173,242290.36032942758,50
2803114902,342974.88094580424,242250.4570785694,46
2803114902,343100.26277579274,242213.51674183243,51
2803114902,343225.7108552884,242184.92201638588,47
2803114902,343351.4538402892,242161.77683355007,50
2803114902,343466.24087416916,242116.6713928146,45
2803114902,343581.55907774036,242057.20941149083,50
2803114902,343695.2217603276,241980.08831581502,52
2803114902,343790.6428736641,241907.82045324577,47
2803114902,343875.2206224549,241803.13127628184,51
2803114902,343953.97165137687,241691.3049157837,55
2803114902,343990.92449070263,241571.4641591927,50
2803114902,343987.3175578884,241448.03825063154,49
2803114902,343959.4523528626,241323.99519395956,50
2803114902,343976.94154873013,241184.21593416063,51
2803114902,343989.8460939935,241068.09347143857,44
2820878175,343995.35294866335,241059.10665135417,0
2820878175,343959.71294435364,241301.296898288,89
2820878175,343982.2524459272,241423.9780596756,47
2820878175,343992.4124536115,241547.96771021717,45
2820878175,343958.3689977962,241677.55202027457,48
2820878175,343886.1631398705,241793.83563911106,51
2820878175,343794.1637356076,241899.6436093821,52
2820878175,343687.2092963238,241991.67399809096,54
2820878175,343573.8681244882,242063.00536313636,52
2820878175,343451.6127854268,242119.35195014777,52
2820878175,343322.1919409702,242158.12780015985,51
2820878175,343194.5188824322,242194.0979300157,54
2820878175,343067.592550567,242229.28067138174,55
2820878175,342944.44689434284,242268.1884110223,44
2820878175,342816.7119350911,242312.8465419581,51
2820878175,342690.559395262,242365.82603496098,54
2820878175,342585.00368147646,242423.1492154408,47
2820878175,342459.6626231641,242487.69126983843,55
2820878175,342340.8998408753,242541.45049877767,56
2820878175,342342.3470235114,242545.76574445714,121
2820878175,342452.59149751044,242493.3677443068,41
2820878175,342578.1025901646,242439.39122387557,54
2820878175,342678.3887842576,242362.7957420468,53
2820878175,342795.505691616,242321.8645493511,50
2820878175,342920.0546541941,242284.71051690786,51
2820878175,343034.9865388513,242236.14406067377,45
2820878175,343149.1968069016,242202.61012772727,44
2820878175,343287.7175043976,242168.80173546908,54
2820878175,343409.88338538754,242137.26044390828,51
2820878175,343531.17775161733,242089.82782186527,52
2820878175,343645.8207718132,242018.14102036506,49
2820878175,343755.88509030704,241952.87065770972,52
2820878175,343842.8361938309,241850.25688380306,54
2820878175,343928.8301719148,241752.22097406205,51
2820878175,343982.2952988826,241639.905781448,46
2820878175,343986.93310457637,241510.78704835393,51
2820878175,343963.4196655523,241378.7766232337,44
2820878175,343959.6851314574,241251.6816572185,52
2820878175,343980.08305370895,241186.83610778797,23
2828750100,343998.5777076468,241058.2768985486,0
2828750100,343980.8432685754,241169.5809610047,62
2828750100,343961.8782602936,241294.476612464,41
2828750100,343991.0648040784,241410.60030399577,45
2828750100,343998.4540650025,241533.63260348677,40
2828750100,343972.9925261443,241652.73510305258,39
2828750100,343901.047186021,241772.4629878354,53
2828750100,343808.4996914328,241878.50185218634,51
2828750100,343716.2632337433,241969.18562657043,46
2828750100,343606.41902113,242043.90931298718,49
2828750100,343493.5614587802,242102.2190427282,44
2828750100,343379.4826489325,242157.21347432694,46
2828750100,343244.075249551,242187.6321597707,49
2828750100,343112.5058824996,242216.76939268323,48
2828750100,342999.1309342665,242259.4130107711,42
2828750100,342870.84644242725,242295.6238026691,46
2828750100,342756.61584466876,242340.51167899044,43
2828750100,342642.5878110087,242397.8586001899,45
2828750100,342532.7790144993,242464.70739030256,47
2828750100,342411.62598911626,242524.06580202462,50
2828750100,342498.9878275563,242474.81959587353,50
2828750100,342601.1829401988,242392.85187435,54
2828750100,342718.7751807829,242351.57745628932,46
2828750100,342841.92561109806,242291.74961057835,46
2828750100,342969.7208756285,242255.10093524546,45
2828750100,343099.84962604556,242213.52335623332,49
2828750100,343232.3452373397,242177.6961976195,48
2828750100,343366.92013772635,242155.52271944907,51
2828750100,343494.6525845096,242101.53418247512,52
2828750100,343613.9441477024,242040.6747146973,50
2828750100,343715.9171591578,241969.0798779974,45
2828750100,343816.9238907491,241879.8143941217,48
2828750100,343904.7109628996,241777.63349058962,50
2828750100,343967.2250314449,241662.6160688026,47
2828750100,343987.19324412756,241535.92451556015,52
2828750100,343966.04943877197,241409.99509510212,45
2828750100,343959.0549418344,241285.84413320292,42
2828750100,343983.4786805655,241157.63593627798,40
2828750100,343994.51673733414,241075.91801037628,31
2835706476,343995.612140664,241066.778514168,0
2835706476,343985.64717958134,241159.7152851987,56
2835706476,343967.13200841827,241291.27854585747,50
2835706476,343999.51085004356,241413.24777553597,44
2835706476,344004.706926926,241532.64367506892,38
2835706476,343971.19144786114,241652.096143584,38
2835706476,343895.6285437083,241756.52943333855,56
2835706476,343800.21885111404,241834.1348020861,62
2835706476,343696.2874334549,241921.44463875605,48
2835706476,343586.0291094406,241991.83672240202,49
2835706476,343479.8898027864,242035.24407224776,79
2835706476,343354.3674855737,242102.65848548076,47
2835706476,343053.8428471546,242222.26987929468,62
2835706476,342929.2577334076,242227.27081024426,64
2835706476,342793.4995576967,242265.60592459765,57
2835706476,342640.817150039,242352.0533999717,56
2835706476,342534.8284743563,242420.95429539972,50
2835706476,342416.3482954408,242483.82936981815,52
2835706476,342468.44746901473,242472.9761449946,56
2835706476,342581.1467344546,242418.8727360072,55
2835706476,342689.4788781897,242341.48036478797,57
2835706476,342817.0493190477,242295.26413348992,51
2835706476,342937.9884976493,242247.71137835464,47
2835706476,343058.43907174957,242212.5178001111,47
2835706476,343180.16808276664,242179.64288884896,45
2835706476,343308.55075115646,242157.90061616641,42
2835706476,343424.0278845306,242112.8944296958,47
2835706476,343549.53489616787,242044.48080220737,55
2835706476,343668.0036547381,241970.73121431185,49
2835706476,343766.83946249663,241883.61288296035,45
2835706476,343849.4871939763,241778.84266657516,51
2835706476,343927.14502220973,241667.58945021458,40
2835706476,343978.61942468846,241551.30093757773,41
2835706476,343986.3577582467,241430.92156902334,44
2835706476,343956.62413983844,241306.35187310237,43
2835706476,343968.3694861138,241186.6877978993,38
2835706476,343990.4837879928,241064.85724889423,43
2835706476,343993.14699023933,241063.36890468374,3
2855447233,344289.1875837464,240863.34515600133,0
2855447233,343991.8111892293,241144.377040699,84
2855447233,343968.4574036503,241270.56582139852,53
2855447233,343999.5506881978,241394.00160038623,42
2855447233,344008.5272262115,241517.23127731326,46
2855447233,343961.280769271,241635.23243455158,45
2855447233,343885.2605387103,241736.89196719445,38
2855447233,343789.0630567053,241821.29604063195,56
2855447233,343687.4693388138,241908.34646331432,47
2855447233,343570.1687641122,241964.7225297186,49
2855447233,343450.9454011409,242008.3387274773,47
2855447233,343316.2452542692,242040.1902746266,48
2855447233,343183.53656417807,242071.5686484911,46
2855447233,343052.8477642848,242104.25317911134,51
2855447233,342931.31458788,242132.23315424955,47
2855447233,342812.5689731145,242179.3057599471,46
2855447233,342691.2035521403,242226.08965163573,42
2855447233,342591.52049340715,242297.55771015555,47
2855447233,342489.41638415784,242376.74292741047,45
2855447233,342376.38904156466,242444.64832663722,45
2855447233,342490.9351910496,242453.8125732399,76
2855447233,342594.18037730956,242398.52703623334,52
2855447233,342702.80577864766,242343.60210668214,46
2855447233,342827.5692143447,242298.43252878264,45
2855447233,342949.3443372285,242255.76147261873,46
2855447233,343069.2100788886,242218.46384475613,47
2855447233,343198.9741310778,242184.12574898207,47
2855447233,343325.51176533656,242163.3033826219,50
2855447233,343449.6882639316,242119.60511842556,45
2855447233,343571.0183018767,242061.3820230686,50
2855447233,343686.73073381523,241987.56549358374,53
2855447233,343790.89545139496,241893.35444776772,55
2855447233,343878.70633553027,241797.06873090396,48
2855447233,343953.7669897625,241687.0808089621,51
2855447233,343994.4917036387,241566.17913581984,48
2855447233,343994.36548122065,241440.69570906664,50
2855447233,343959.41380199755,241317.20980260073,44
2855447233,343980.93614236935,241184.15270285675,50
2855447233,343991.8275957081,241067.06089888298,43
2878977474,343999.06334581063,241058.491705232,0
2878977474,343970.1574663858,241169.08264007745,78
2878977474,343971.5465821063,241295.9922302488,47
2878977474,343993.21383156505,241411.45625715546,43
2878977474,343988.26364349993,241529.56655263156,48
2878977474,343943.9099900139,241651.8606933332,36
2878977474,343850.3462039324,241733.10690933606,52
2878977474,343744.434108648,241804.3163786346,57
2878977474,343636.44850663916,241874.89366128703,51
2878977474,343519.79265317647,241941.495303626,50
2878977474,343392.2762594478,241992.030991483,57
2878977474,343270.93231725093,242032.12546253,59
2878977474,343130.08046853665,242049.61828051566,54
2878977474,342986.7200377808,242086.7346985723,58
2878977474,342849.2772079378,242127.65386826213,61
2878977474,342712.2568920506,242177.58105648268,57
2878977474,342604.2615432446,242224.81948763976,52
2878977474,342485.0271362725,242266.90174881183,57
2878977474,342333.3800240745,242331.87133592233,54
2878977474,342356.1999750281,242431.29113814858,143
2878977474,342506.3349903139,242443.55193484836,66
2878977474,342619.3652653499,242388.55410066433,48
2878977474,342726.93240847666,242344.88268006017,32
2878977474,342846.29755654564,242293.79308027972,45
2878977474,342971.4380557579,242250.51228593464,47
2878977474,343093.5591810947,242216.40523312398,47
2878977474,343219.8947252255,242183.01255054143,51
2878977474,343354.42151349934,242157.83584753907,49
2878977474,343477.9254822459,242110.81163460144,50
2878977474,343589.27128427755,242052.7480892355,48
2878977474,343692.79223359615,241983.24181482353,39
2878977474,343797.211335228,241900.70770706132,48
2878977474,343873.45661091886,241804.82793256023,49
2878977474,343946.4389061942,241689.75552585523,54
2878977474,343988.6232974647,241578.39783438668,37
2878977474,343988.74091463,241446.56952348468,46
2878977474,343950.8629276538,241325.3549100142,47
2878977474,343972.30535542493,241195.97014496237,44
2878977474,343979.90876720834,241175.82552306954,10
2887894867,343987.0108404974,241050.00526777928,0
2887894867,343980.7415938113,241154.4531293498,56
2887894867,343961.23415777396,241284.25218569452,38
2887894867,343982.1705304225,241401.39643170475,40
2887894867,343991.8889786042,241527.95172475796,41
2887894867,343972.09765059024,241644.07208488206,36
2887894867,343908.848757353,241756.20868086634,47
2887894867,343828.78445900383,241858.9344641834,44
2887894867,343732.4614590601,241948.23654595093,46
2887894867,343628.5052091569,242029.42974397453,43
2887894867,343510.51822576125,242094.38418861188,49
2887894867,343387.88389375637,242139.83625782578,48
2887894867,343270.39748379,242175.4194507051,43
2887894867,343138.5130714036,242202.11359782552,50
2887894867,343012.02005630574,242238.51453962765,48
2887894867,342889.98185060354,242286.30562080274,46
2887894867,342771.1598478371,242328.37444313377,44
2887894867,342657.1509150426,242378.3784207005,42
2887894867,342564.64745071693,242446.3941331047,42
2887894867,342444.4582124241,242501.50880852516,50
2887894867,342487.7297344306,242477.1149040684,59
2887894867,342598.5740965334,242410.47091415338,52
2887894867,342710.83608210925,242346.142832881,47
2887894867,342830.07308463205,242299.94976059766,47
2887894867,342938.66034974053,242263.83136903116,40
2887894867,343069.3442328421,242218.23920296878,50
2887894867,343197.1926973493,242184.71046669956,46
2887894867,343332.3234752575,242162.8609024816,50
2887894867,343465.6598667123,242114.7894638775,54
2887894867,343578.2188772783,242068.0534540618,47
2887894867,343684.7710135558,241998.6100115318,49
2887894867,343789.03957688465,241915.29938949004,48
2887894867,343867.25339118653,241813.26973392937,42
2887894867,343946.82643757504,241714.22350945615,46
2887894867,343986.94150144374,241593.99889113376,43
2887894867,343991.51966532826,241461.09875817853,45
2887894867,343957.8090833135,241346.38164623023,39
2887894867,343965.9696736566,241222.2132347378,43
2887894867,343990.8311703133,241108.57137832948,35
2887894867,343997.7052253585,241059.7369015658,23
2895324684,343996.2643837925,241055.7548518204,0
2895324684,343963.2222728228,241174.86597617267,72
2895324684,343977.84685767995,241306.68334679684,61
2895324684,343984.7504685046,241438.17799696984,42
2895324684,343951.2518238376,241571.75854926044,47
2895324684,343895.82310862385,241681.8802579748,52
2895324684,343812.61315700423,241773.0865254344,45
2895324684,343701.9757165537,241854.60655180394,56
2895324684,343600.7724225189,241935.75653598487,54
2895324684,343468.71532839653,241982.3576273772,59
2895324684,343324.03600869107,242027.7175432323,69
2895324684,343165.83258372976,242058.5022255298,55
2895324684,343035.43921989633,242096.74480701372,54
2895324684,342915.01497272187,242146.62300145236,51
2895324684,342779.7598709331,242194.9625646973,49
2895324684,342645.5851007458,242254.63562918204,56
2895324684,342537.8609944515,242318.55822534236,52
2895324684,342393.7345011489,242371.50133931212,49
2895324684,342401.7756851526,242400.2956930963,89
2895324684,342519.94602465146,242326.63437346037,50
2895324684,342634.77041320305,242275.9466654866,57
2895324684,342765.7725091876,242220.32917950302,46
2895324684,342873.9251895095,242165.6382115315,46
2895324684,343006.6996241057,242130.02310588933,52
2895324684,343121.49574237154,242089.91566966387,36
2895324684,343250.21368088666,242045.91730116418,45
2895324684,343376.13348114095,242024.9949369128,50
2895324684,343492.9857310315,241970.9575520425,45
2895324684,343599.5089145487,241903.96021122712,41
2895324684,343694.795830009,241818.8993620731,39
2895324684,343796.20602503634,241746.20280878292,53
2895324684,343913.1952482544,241669.70164445264,46
2895324684,343992.21451810875,241587.68564973574,52
2895324684,343984.9382181212,241463.09411549364,51
2895324684,343955.23855681485,241331.9603775498,48
2895324684,343975.21341235616,241205.60250282055,59
2895324684,343985.92137324833,241081.28260021174,43
2895324684,343985.1378024714,241070.9491359829,8
2903909608,344051.0111724956,240989.0312480423,0
2903909608,343974.7052329063,241160.44471309579,57
2903909608,343954.38951903,241282.69187441084,40
2903909608,343995.2535031027,241409.7552856973,51
2903909608,343992.5189247946,241537.28641356906,43
2903909608,343951.72865161113,241658.41162255657,32
2903909608,343907.88954979053,241769.57340540068,38
2903909608,343815.25734992424,241852.91927543853,47
2903909608,343714.47067801404,241930.05544641317,45
2903909608,343609.7090826573,242008.25817430922,45
2903909608,343491.78110356693,242059.64005983883,49
2903909608,343370.4103858454,242106.62985520897,49
2903909608,343259.9540497536,242159.78930081456,45
2903909608,343132.5931398595,242189.4149776642,41
2903909608,343013.9670274639,242235.36842943606,53
2903909608,342899.09729793476,242274.92339096637,34
2903909608,342785.87388143886,242309.67095871497,37
2903909608,342656.5346355388,242370.04482738313,34
2903909608,342564.22894197144,242446.06713770883,45
2903909608,342450.2408282734,242497.07683632424,47
2903909608,342436.3112174503,242504.53274539945,106
2903909608,342547.866136563,242460.68175085657,38
2903909608,342636.5336802363,242389.72381755762,48
2903909608,342763.5900595337,242333.05725823087,40
2903909608,342875.4019547081,242287.65214497346,43
2903909608,343002.2945952623,242246.23519424518,50
2903909608,343125.5183108837,242216.44987010898,46
2903909608,343253.7247932645,242192.37280664966,54
2903909608,343379.2391510574,242159.219794419,45
2903909608,343503.94002715795,242105.1686131514,43
2903909608,343626.92519327335,242038.35457164032,44
2903909608,343741.15047622786,241961.89307717088,46
2903909608,343830.48839382944,241857.79497463623,53
2903909608,343910.78401157784,241756.6229991282,51
2903909608,343972.75970600155,241646.731506205,40
2903909608,343985.22508042544,241520.38123726088,47
2903909608,343968.4714071426,241388.93126619415,45
2903909608,343960.49906683364,241255.22863928945,51
2903909608,343981.2254362198,241119.73675457347,44
2903909608,343982.660103943,241071.09959801188,18
2919498623,344000.1565304792,241057.91817687365,0
2919498623,343978.5878677713,241175.06771048636,65
2919498623,343952.7728540648,241302.40800343448,43
2919498623,343987.9204062178,241433.9004743466,48
2919498623,343983.3070704944,241564.57624408545,53
2919498623,343948.46259225084,241687.05357048305,32
2919498623,343898.150512471,241802.65657381847,48
2919498623,343793.8671055207,241898.3133632841,44
2919498623,343702.1732841045,241984.09397124255,46
2919498623,343591.41126642656,242053.04777852912,46
2919498623,343477.70827048423,242110.14761754312,47
2919498623,343359.5735166405,242156.9749059854,47
2919498623,343222.4651319007,242180.0790524828,53
2919498623,343091.6127513601,242210.98531513393,50
2919498623,342960.8945994772,242254.46375354473,57
2919498623,342842.03181496664,242302.65008558083,49
2919498623,342711.2948173629,242344.68924403324,51
2919498623,342595.28130557423,242402.73668106628,48
2919498623,342512.5676716881,242479.82916676038,93
2919498623,342420.31545036216,242503.45603481663,57
2919498623,342554.2388351937,242450.12180818454,49
2919498623,342657.86976031895,242371.69203641353,53
2919498623,342776.32502480363,242324.06403329002,48
2919498623,342893.84347209014,242278.01137916266,49
2919498623,343021.52893157833,242234.46851434157,46
2919498623,343151.7470506172,242194.1145872572,50
2919498623,343282.6761700302,242163.65367448446,49
2919498623,343423.9321542844,242132.80905790773,54
2919498623,343539.08759020263,242084.80704137962,55
2919498623,343639.7962722785,242016.1231343351,67
2919498623,343751.89108548936,241944.25687397795,48
2919498623,343846.2088001481,241845.75355264702,51
2919498623,343935.19420543534,241745.22290505428,53
2919498623,343985.7781455525,241624.94368590147,50
2919498623,343989.7289397301,241500.28567403083,62
2919498623,343961.6204412393,241373.9102898942,48
2919498623,343964.093295613,241242.93468156335,48
2919498623,343991.59139202745,241126.1361951473,41
2919498623,343990.5313126142,241067.86013517127,26
