week_start,capacity_bytes,drive_type,count
2013-04-08,1500301910016,HDD,1
2013-04-08,4000787030016,HDD,449
2013-04-15,1000204886016,HDD,1
2013-04-15,1500301910016,HDD,14
2013-04-15,2000398934016,HDD,3
2013-04-15,3000592982016,HDD,98
2013-04-15,4000787030016,HDD,47
2013-04-22,1500301910016,HDD,11
2013-04-22,3000592982016,HDD,51
2013-04-22,4000787030016,HDD,89
2013-04-29,1000204886016,HDD,1
2013-04-29,1500301910016,HDD,6
2013-04-29,2000398934016,HDD,3
2013-04-29,3000592982016,HDD,9
2013-04-29,4000787030016,HDD,1
2013-05-06,1000204886016,HDD,3
2013-05-06,1500301910016,HDD,20
2013-05-06,2000398934016,HDD,2
2013-05-06,3000592982016,HDD,8
2013-05-06,4000787030016,HDD,135
2013-05-13,1500301910016,HDD,10
2013-05-13,2000398934016,HDD,4
2013-05-13,3000592982016,HDD,11
2013-05-13,4000787030016,HDD,720
2013-05-20,1500301910016,HDD,10
2013-05-20,2000398934016,HDD,2
2013-05-20,3000592982016,HDD,7
2013-05-20,4000787030016,HDD,48
2013-05-27,1000204886016,HDD,2
2013-05-27,1500301910016,HDD,8
2013-05-27,2000398934016,HDD,4
2013-05-27,3000592982016,HDD,7
2013-06-03,1000204886016,HDD,1
2013-06-03,1500301910016,HDD,10
2013-06-03,2000398934016,HDD,4
2013-06-03,3000592982016,HDD,9
2013-06-03,4000787030016,HDD,3
2013-06-10,1500301910016,HDD,5
2013-06-10,2000398934016,HDD,1
2013-06-10,3000592982016,HDD,4
2013-06-10,4000787030016,HDD,2
2013-06-17,1500301910016,HDD,10
2013-06-17,3000592982016,HDD,12
2013-06-17,4000787030016,HDD,1
2013-06-24,1500301910016,HDD,12
2013-06-24,2000398934016,HDD,1
2013-06-24,3000592982016,HDD,3
2013-06-24,4000787030016,HDD,766
2013-07-01,1500301910016,HDD,10
2013-07-01,3000592982016,HDD,2
2013-07-01,4000787030016,HDD,2
2013-07-08,1000204886016,HDD,2
2013-07-08,1500301910016,HDD,11
2013-07-08,2000398934016,HDD,4
2013-07-08,3000592982016,HDD,11
2013-07-08,4000787030016,HDD,3
2013-07-15,1500301910016,HDD,9
2013-07-15,2000398934016,HDD,2
2013-07-15,3000592982016,HDD,10
2013-07-15,4000787030016,HDD,3
2013-07-22,1500301910016,HDD,12
2013-07-22,2000398934016,HDD,3
2013-07-22,3000592982016,HDD,6
2013-07-22,4000787030016,HDD,772
2013-07-29,2000398934016,HDD,1
2013-07-29,3000592982016,HDD,4
2013-07-29,4000787030016,HDD,2
2013-08-05,2000398934016,HDD,6
2013-08-05,3000592982016,HDD,4
2013-08-05,4000787030016,HDD,181
2013-08-12,2000398934016,HDD,1
2013-08-12,3000592982016,HDD,6
2013-08-19,4000787030016,HDD,140
2013-08-26,4000787030016,HDD,2
2013-09-02,4000787030016,HDD,47
2013-09-09,4000787030016,HDD,1
2013-09-23,4000787030016,HDD,1
2013-09-30,4000787030016,HDD,3
2013-10-07,4000787030016,HDD,1
2013-10-14,1000204886016,HDD,3
2013-10-14,1500301910016,HDD,3
2013-10-14,2000398934016,HDD,16
2013-10-14,3000592982016,HDD,85
2013-10-14,4000787030016,HDD,1183
2013-10-21,2000398934016,HDD,1
2013-10-21,3000592982016,HDD,7
2013-10-21,4000787030016,HDD,450
2013-10-28,2000398934016,HDD,2
2013-10-28,3000592982016,HDD,13
2013-10-28,4000787030016,HDD,92
2013-11-04,2000398934016,HDD,1
2013-11-04,3000592982016,HDD,21
2013-11-04,4000787030016,HDD,630
2013-11-11,2000398934016,HDD,1
2013-11-11,3000592982016,HDD,25
2013-11-11,4000787030016,HDD,362
2013-11-18,3000592982016,HDD,18
2013-11-18,4000787030016,HDD,47
2013-11-25,3000592982016,HDD,14
2013-11-25,4000787030016,HDD,3
2013-12-02,3000592982016,HDD,30
2013-12-02,4000787030016,HDD,7
2013-12-09,2000398934016,HDD,2
2013-12-09,3000592982016,HDD,19
2013-12-09,4000787030016,HDD,271
2013-12-16,2000398934016,HDD,4
2013-12-16,3000592982016,HDD,31
2013-12-16,4000787030016,HDD,637
2013-12-30,2000398934016,HDD,1
2013-12-30,3000592982016,HDD,15
2013-12-30,4000787030016,HDD,412
2014-01-06,1000204886016,HDD,1
2014-01-06,2000398934016,HDD,2
2014-01-06,3000592982016,HDD,17
2014-01-06,4000787030016,HDD,94
2014-01-13,160041885696,HDD,1
2014-01-13,320072933376,HDD,1
2014-01-13,1000204886016,HDD,1
2014-01-13,2000398934016,HDD,3
2014-01-13,3000592982016,HDD,22
2014-01-13,4000787030016,HDD,53
2014-01-20,160041885696,HDD,1
2014-01-20,2000398934016,HDD,1
2014-01-20,3000592982016,HDD,27
2014-01-20,4000787030016,HDD,3
2014-01-27,80026361856,HDD,1
2014-01-27,160041885696,HDD,2
2014-01-27,250059350016,HDD,2
2014-01-27,320072933376,HDD,4
2014-01-27,2000398934016,HDD,2
2014-01-27,3000592982016,HDD,22
2014-01-27,4000787030016,HDD,327
2014-02-03,250059350016,HDD,7
2014-02-03,320072933376,HDD,11
2014-02-03,500107862016,HDD,6
2014-02-03,3000592982016,HDD,16
2014-02-03,4000787030016,HDD,947
2014-02-10,80026361856,HDD,127
2014-02-10,160041885696,HDD,243
2014-02-10,250000000000,HDD,1
2014-02-10,250059350016,HDD,107
2014-02-10,320072933376,HDD,100
2014-02-10,500107862016,HDD,30
2014-02-10,1000204886016,HDD,2
2014-02-10,2000398934016,HDD,2
2014-02-10,3000592982016,HDD,11
2014-02-10,4000787030016,HDD,187
2014-02-17,80026361856,HDD,2
2014-02-17,250059350016,HDD,1
2014-02-17,3000592982016,HDD,5
2014-02-17,4000787030016,HDD,47
2014-02-24,320072933376,HDD,10
2014-02-24,1000204886016,HDD,4
2014-02-24,3000592982016,HDD,22
2014-02-24,4000787030016,HDD,457
2014-03-03,160041885696,HDD,2
2014-03-03,250059350016,HDD,1
2014-03-03,320072933376,HDD,3
2014-03-03,500107862016,HDD,7
2014-03-03,2000398934016,HDD,3
2014-03-03,3000592982016,HDD,12
2014-03-03,4000787030016,HDD,455
2014-03-10,80026361856,HDD,1
2014-03-10,250059350016,HDD,1
2014-03-10,500107862016,HDD,6
2014-03-10,1000204886016,HDD,1
2014-03-10,2000398934016,HDD,2
2014-03-10,3000592982016,HDD,33
2014-03-10,4000787030016,HDD,318
2014-03-17,160041885696,HDD,1
2014-03-17,320072933376,HDD,1
2014-03-17,500107862016,HDD,4
2014-03-17,2000398934016,HDD,2
2014-03-17,3000592982016,HDD,45
2014-03-17,4000787030016,HDD,187
2014-03-24,160041885696,HDD,1
2014-03-24,500107862016,HDD,16
2014-03-24,2000398934016,HDD,2
2014-03-24,3000592982016,HDD,21
2014-03-24,4000787030016,HDD,726
2014-03-31,500107862016,HDD,9
2014-03-31,3000592982016,HDD,27
2014-03-31,4000787030016,HDD,458
2014-04-07,500107862016,HDD,3
2014-04-07,2000398934016,HDD,3
2014-04-07,3000592982016,HDD,16
2014-04-07,4000787030016,HDD,96
2014-04-14,500107862016,HDD,8
2014-04-14,2000398934016,HDD,2
2014-04-14,3000592982016,HDD,35
2014-04-14,4000787030016,HDD,501
2014-04-21,250059350016,HDD,1
2014-04-21,500107862016,HDD,2
2014-04-21,2000398934016,HDD,1
2014-04-21,3000592982016,HDD,20
2014-04-21,4000787030016,HDD,275
2014-04-28,500107862016,HDD,12
2014-04-28,3000592982016,HDD,7
2014-04-28,4000787030016,HDD,500
2014-05-05,500107862016,HDD,2
2014-05-05,1000204886016,HDD,1
2014-05-05,3000592982016,HDD,15
2014-05-05,4000787030016,HDD,94
2014-05-12,160041885696,HDD,1
2014-05-12,500107862016,HDD,8
2014-05-12,2000398934016,HDD,1
2014-05-12,3000592982016,HDD,24
2014-05-12,4000787030016,HDD,274
2014-05-19,250059350016,HDD,2
2014-05-19,500107862016,HDD,4
2014-05-19,2000398934016,HDD,1
2014-05-19,3000592982016,HDD,13
2014-05-19,4000787030016,HDD,183
2014-05-26,250059350016,HDD,1
2014-05-26,500107862016,HDD,8
2014-05-26,3000592982016,HDD,28
2014-05-26,4000787030016,HDD,498
2014-06-02,250059350016,HDD,1
2014-06-02,500107862016,HDD,8
2014-06-02,2000398934016,HDD,1
2014-06-02,3000592982016,HDD,30
2014-06-02,4000787030016,HDD,365
2014-06-09,250059350016,HDD,1
2014-06-09,500107862016,HDD,10
2014-06-09,2000398934016,HDD,3
2014-06-09,3000592982016,HDD,35
2014-06-09,4000787030016,HDD,407
2014-06-16,500107862016,HDD,14
2014-06-16,3000592982016,HDD,34
2014-06-16,4000787030016,HDD,633
2014-06-23,250059350016,HDD,1
2014-06-23,500107862016,HDD,1
2014-06-23,2000398934016,HDD,1
2014-06-23,3000592982016,HDD,26
2014-06-23,4000787030016,HDD,5
2014-06-30,250059350016,HDD,1
2014-06-30,500107862016,HDD,3
2014-06-30,3000592982016,HDD,30
2014-06-30,4000787030016,HDD,138
2014-07-07,320072933376,HDD,5
2014-07-07,500107862016,HDD,3
2014-07-07,2000398934016,HDD,1
2014-07-07,3000592982016,HDD,25
2014-07-07,4000787030016,HDD,361
2014-07-14,320072933376,HDD,1
2014-07-14,500107862016,HDD,11
2014-07-14,1500301910016,HDD,1
2014-07-14,3000592982016,HDD,27
2014-07-14,4000787030016,HDD,542
2014-07-21,320072933376,HDD,4
2014-07-21,500107862016,HDD,3
2014-07-21,1500301910016,HDD,2
2014-07-21,3000592982016,HDD,24
2014-07-21,4000787030016,HDD,232
2014-07-28,500107862016,HDD,4
2014-07-28,2000398934016,HDD,1
2014-07-28,3000592982016,HDD,20
2014-07-28,4000787030016,HDD,145
2014-07-28,6001175126016,HDD,45
2014-08-04,320072933376,HDD,3
2014-08-04,500107862016,HDD,3
2014-08-04,1000204886016,HDD,1
2014-08-04,3000592982016,HDD,14
2014-08-04,4000787030016,HDD,185
2014-08-04,6001175126016,HDD,47
2014-08-11,500107862016,HDD,21
2014-08-11,2000398934016,HDD,1
2014-08-11,3000592982016,HDD,27
2014-08-11,4000787030016,HDD,995
2014-08-18,320072933376,HDD,1
2014-08-18,500107862016,HDD,18
2014-08-18,3000592982016,HDD,4
2014-08-18,4000787030016,HDD,813
2014-08-25,320072933376,HDD,2
2014-08-25,500107862016,HDD,8
2014-08-25,2000398934016,HDD,1
2014-08-25,3000592982016,HDD,18
2014-08-25,4000787030016,HDD,370
2014-09-01,500107862016,HDD,2
2014-09-01,2000398934016,HDD,2
2014-09-01,3000592982016,HDD,10
2014-09-01,4000787030016,HDD,94
2014-09-08,500107862016,HDD,3
2014-09-08,3000592982016,HDD,4
2014-09-08,4000787030016,HDD,135
2014-09-15,500107862016,HDD,3
2014-09-15,4000787030016,HDD,96
2014-09-22,500107862016,HDD,10
2014-09-22,2000398934016,HDD,3
2014-09-22,3000592982016,HDD,1
2014-09-22,4000787030016,HDD,182
2014-09-29,500107862016,HDD,18
2014-09-29,2000398934016,HDD,2
2014-09-29,3000592982016,HDD,1
2014-09-29,4000787030016,HDD,949
2014-10-06,500107862016,HDD,8
2014-10-06,2000398934016,HDD,1
2014-10-06,3000592982016,HDD,9
2014-10-06,4000787030016,HDD,233
2014-10-13,500107862016,HDD,18
2014-10-13,2000398934016,HDD,1
2014-10-13,3000592982016,HDD,1
2014-10-13,4000787030016,HDD,768
2014-10-20,500107862016,HDD,2
2014-10-20,2000398934016,HDD,1
2014-10-20,4000787030016,HDD,7
2014-10-27,500107862016,HDD,11
2014-10-27,2000398934016,HDD,4
2014-10-27,3000592982016,HDD,1
2014-10-27,4000787030016,HDD,497
2014-11-03,500107862016,HDD,12
2014-11-03,2000398934016,HDD,1
2014-11-03,3000592982016,HDD,3
2014-11-03,4000787030016,HDD,541
2014-11-10,500107862016,HDD,35
2014-11-10,3000592982016,HDD,2
2014-11-10,4000787030016,HDD,1215
2014-11-17,500107862016,HDD,8
2014-11-17,3000592982016,HDD,7
2014-11-17,4000787030016,HDD,105
2014-11-24,3000592982016,HDD,6
2014-11-24,4000787030016,HDD,6
2014-12-01,500107862016,HDD,2
2014-12-01,2000398934016,HDD,6
2014-12-01,3000592982016,HDD,4
2014-12-01,4000787030016,HDD,11
2014-12-08,500107862016,HDD,19
2014-12-08,2000398934016,HDD,1
2014-12-08,3000592982016,HDD,1
2014-12-08,4000787030016,HDD,496
2014-12-08,6001175126016,HDD,225
2014-12-15,500107862016,HDD,5
2014-12-15,3000592982016,HDD,2
2014-12-15,4000787030016,HDD,1
2014-12-22,500107862016,HDD,4
2014-12-22,2000398934016,HDD,1
2014-12-22,3000592982016,HDD,22
2014-12-22,4000787030016,HDD,139
2014-12-29,2000398934016,HDD,2
2014-12-29,3000592982016,HDD,3
2014-12-29,4000787030016,HDD,4
2014-12-29,6001175126016,HDD,1
2015-01-05,500107862016,HDD,2
2015-01-05,2000398934016,HDD,2
2015-01-05,3000592982016,HDD,8
2015-01-05,4000787030016,HDD,56
2015-01-12,500107862016,HDD,6
2015-01-12,2000398934016,HDD,6
2015-01-12,3000592982016,HDD,2
2015-01-12,4000787030016,HDD,150
2015-01-12,6001175126016,HDD,90
2015-01-19,500107862016,HDD,14
2015-01-19,2000398934016,HDD,1
2015-01-19,3000592982016,HDD,2
2015-01-19,4000787030016,HDD,511
2015-01-19,6001175126016,HDD,92
2015-01-26,500107862016,HDD,7
2015-01-26,2000398934016,HDD,2
2015-01-26,3000592982016,HDD,1
2015-01-26,4000787030016,HDD,277
2015-02-02,500107862016,HDD,4
2015-02-02,2000398934016,HDD,1
2015-02-02,3000592982016,HDD,4
2015-02-02,4000787030016,HDD,50
2015-02-02,6001175126016,HDD,2
2015-02-02,8001563222016,HDD,45
2015-02-09,500107862016,HDD,25
2015-02-09,3000592982016,HDD,1
2015-02-09,4000787030016,HDD,1084
2015-02-16,500107862016,HDD,7
2015-02-16,3000592982016,HDD,2
2015-02-16,4000787030016,HDD,8
2015-02-16,6001175126016,HDD,90
2015-02-23,500107862016,HDD,4
2015-02-23,3000592982016,HDD,3
2015-02-23,4000787030016,HDD,5
2015-03-02,500107862016,HDD,8
2015-03-02,3000592982016,HDD,39
2015-03-02,4000787030016,HDD,53
2015-03-02,5000981078016,HDD,45
2015-03-02,6001175126016,HDD,136
2015-03-09,500107862016,HDD,7
2015-03-09,2000398934016,HDD,1
2015-03-09,3000592982016,HDD,78
2015-03-09,4000787030016,HDD,53
2015-03-09,6001175126016,HDD,135
2015-03-16,500107862016,HDD,7
2015-03-16,2000398934016,HDD,2
2015-03-16,3000592982016,HDD,6
2015-03-16,4000787030016,HDD,10
2015-03-16,6001175126016,HDD,91
2015-03-16,8001563222016,HDD,1
2015-03-23,500107862016,HDD,7
2015-03-23,2000398934016,HDD,6
2015-03-23,3000592982016,HDD,1
2015-03-23,4000787030016,HDD,53
2015-03-23,6001175126016,HDD,1
2015-03-30,500107862016,HDD,23
2015-03-30,2000398934016,HDD,5
2015-03-30,3000592982016,HDD,1
2015-03-30,4000787030016,HDD,12
2015-03-30,6001175126016,HDD,900
2015-04-06,500107862016,HDD,6
2015-04-06,2000398934016,HDD,5
2015-04-06,3000592982016,HDD,3
2015-04-06,4000787030016,HDD,20
2015-04-06,6001175126016,HDD,226
2015-04-13,500107862016,HDD,7
2015-04-13,2000398934016,HDD,6
2015-04-13,3000592982016,HDD,3
2015-04-13,4000787030016,HDD,12
2015-04-13,5000981078016,HDD,1
2015-04-13,6001175126016,HDD,271
2015-04-20,500107862016,HDD,18
2015-04-20,2000398934016,HDD,7
2015-04-20,3000592982016,HDD,4
2015-04-20,4000787030016,HDD,911
2015-04-20,6001175126016,HDD,2
2015-04-27,500107862016,HDD,2
2015-04-27,2000398934016,HDD,1
2015-04-27,3000592982016,HDD,5
2015-04-27,4000787030016,HDD,238
2015-04-27,6001175126016,HDD,7
2015-05-04,500107862016,HDD,2
2015-05-04,2000398934016,HDD,6
2015-05-04,3000592982016,HDD,11
2015-05-04,4000787030016,HDD,105
2015-05-04,6001175126016,HDD,3
2015-05-11,500107862016,HDD,1
2015-05-11,2000398934016,HDD,2
2015-05-11,3000592982016,HDD,6
2015-05-11,4000787030016,HDD,11
2015-05-11,6001175126016,HDD,2
2015-05-18,500107862016,HDD,18
2015-05-18,2000398934016,HDD,5
2015-05-18,3000592982016,HDD,4
2015-05-18,4000787030016,HDD,872
2015-05-18,6001175126016,HDD,3
2015-05-25,2000398934016,HDD,4
2015-05-25,3000592982016,HDD,2
2015-05-25,4000787030016,HDD,20
2015-05-25,6001175126016,HDD,1
2015-06-01,250059350016,HDD,1
2015-06-01,320072933376,HDD,1
2015-06-01,500107862016,HDD,4
2015-06-01,2000398934016,HDD,3
2015-06-01,3000592982016,HDD,2
2015-06-01,4000787030016,HDD,95
2015-06-01,6001175126016,HDD,1
2015-06-08,500107862016,HDD,23
2015-06-08,2000398934016,HDD,5
2015-06-08,3000592982016,HDD,9
2015-06-08,4000787030016,HDD,902
2015-06-15,2000398934016,HDD,6
2015-06-15,3000592982016,HDD,3
2015-06-15,4000787030016,HDD,7
2015-06-15,6001175126016,HDD,1
2015-06-22,500107862016,HDD,4
2015-06-22,2000398934016,HDD,1
2015-06-22,3000592982016,HDD,1
2015-06-22,4000787030016,HDD,5
2015-06-22,6001175126016,HDD,2
2015-06-29,500107862016,HDD,1
2015-06-29,2000398934016,HDD,3
2015-06-29,3000592982016,HDD,3
2015-06-29,4000787030016,HDD,10
2015-06-29,6001175126016,HDD,1
2015-07-06,2000398934016,HDD,2
2015-07-06,3000592982016,HDD,1
2015-07-06,4000787030016,HDD,16
2015-07-13,3000592982016,HDD,4
2015-07-13,4000787030016,HDD,12
2015-07-13,6001175126016,HDD,1
2015-07-20,500107862016,HDD,16
2015-07-20,3000592982016,HDD,4
2015-07-20,4000787030016,HDD,911
2015-07-20,6001175126016,HDD,2
2015-07-27,2000398934016,HDD,1
2015-07-27,3000592982016,HDD,4
2015-07-27,4000787030016,HDD,10
2015-08-03,500107862016,HDD,21
2015-08-03,2000398934016,HDD,3
2015-08-03,3000592982016,HDD,6
2015-08-03,4000787030016,HDD,914
2015-08-03,6001175126016,HDD,1
2015-08-10,500107862016,HDD,1
2015-08-10,2000398934016,HDD,3
2015-08-10,3000592982016,HDD,3
2015-08-10,4000787030016,HDD,55
2015-08-10,6001175126016,HDD,1
2015-08-17,160041885696,HDD,1
2015-08-17,500107862016,HDD,3
2015-08-17,2000398934016,HDD,4
2015-08-17,3000592982016,HDD,4
2015-08-17,4000787030016,HDD,59
2015-08-17,6001175126016,HDD,1
2015-08-24,500107862016,HDD,8
2015-08-24,2000398934016,HDD,2
2015-08-24,4000787030016,HDD,910
2015-08-31,500107862016,HDD,17
2015-08-31,2000398934016,HDD,2
2015-08-31,4000787030016,HDD,16
2015-09-07,500107862016,HDD,5
2015-09-07,2000398934016,HDD,1
2015-09-07,4000787030016,HDD,102
2015-09-07,6001175126016,HDD,1
2015-09-14,500107862016,HDD,6
2015-09-14,2000398934016,HDD,2
2015-09-14,4000787030016,HDD,287
2015-09-21,500107862016,HDD,1
2015-09-21,2000398934016,HDD,2
2015-09-21,4000787030016,HDD,55
2015-09-21,6001175126016,HDD,1
2015-09-28,320072933376,HDD,1
2015-09-28,500107862016,HDD,7
2015-09-28,2000398934016,HDD,4
2015-09-28,3000592982016,HDD,4
2015-09-28,4000787030016,HDD,957
2015-09-28,6001175126016,HDD,2
2015-10-05,500107862016,HDD,4
2015-10-05,3000592982016,HDD,3
2015-10-05,4000787030016,HDD,15
2015-10-12,500107862016,HDD,1
2015-10-12,3000592982016,HDD,1
2015-10-12,4000787030016,HDD,16
2015-10-12,6001175126016,HDD,1
2015-10-19,160041885696,HDD,1
2015-10-19,500107862016,HDD,36
2015-10-19,2000398934016,HDD,2
2015-10-19,3000592982016,HDD,2
2015-10-19,4000787030016,HDD,1817
2015-10-19,6001175126016,HDD,1
2015-10-26,500107862016,HDD,2
2015-10-26,2000398934016,HDD,2
2015-10-26,4000787030016,HDD,17
2015-10-26,6001175126016,HDD,1
2015-11-02,500107862016,HDD,16
2015-11-02,4000787030016,HDD,872
2015-11-09,500107862016,HDD,2
2015-11-09,2000398934016,HDD,4
2015-11-09,4000787030016,HDD,19
2015-11-09,6001175126016,HDD,1
2015-11-16,500107862016,HDD,20
2015-11-16,2000398934016,HDD,1
2015-11-16,4000787030016,HDD,908
2015-11-16,6001175126016,HDD,3
2015-11-23,500107862016,HDD,12
2015-11-23,4000787030016,HDD,908
2015-11-23,8001563222016,HDD,1
2015-11-30,2000398934016,HDD,3
2015-11-30,4000787030016,HDD,15
2015-11-30,6001175126016,HDD,1
2015-12-07,500107862016,HDD,28
2015-12-07,4000787030016,HDD,1870
2015-12-14,500107862016,HDD,21
2015-12-14,3000592982016,HDD,1
2015-12-14,4000787030016,HDD,917
2015-12-21,500107862016,HDD,1
2015-12-21,3000592982016,HDD,1
2015-12-21,4000787030016,HDD,22
2015-12-21,6001175126016,HDD,1
2015-12-28,4000787030016,HDD,15
2015-12-28,6001175126016,HDD,1
2016-01-04,500107862016,HDD,1
2016-01-04,3000592982016,HDD,1
2016-01-04,4000787030016,HDD,20
2016-01-04,6001175126016,HDD,1
2016-01-11,500107862016,HDD,3
2016-01-11,3000592982016,HDD,1
2016-01-11,4000787030016,HDD,15
2016-01-18,500107862016,HDD,19
2016-01-18,4000787030016,HDD,915
2016-01-25,500107862016,HDD,1
2016-01-25,4000787030016,HDD,14
2016-02-01,3000592982016,HDD,1
2016-02-01,4000787030016,HDD,20
2016-02-08,500107862016,HDD,21
2016-02-08,3000592982016,HDD,1
2016-02-08,4000787030016,HDD,915
2016-02-08,6001175126016,HDD,2
2016-02-15,500107862016,HDD,41
2016-02-15,2000398934016,HDD,2
2016-02-15,4000787030016,HDD,2119
2016-02-15,6001175126016,HDD,1
2016-02-22,500107862016,HDD,23
2016-02-22,3000592982016,HDD,4
2016-02-22,4000787030016,HDD,918
2016-02-29,500107862016,HDD,9
2016-02-29,2000398934016,HDD,1
2016-02-29,3000592982016,HDD,1
2016-02-29,4000787030016,HDD,20
2016-03-07,500107862016,HDD,5
2016-03-07,4000787030016,HDD,20
2016-03-14,500107862016,HDD,11
2016-03-14,3000592982016,HDD,1
2016-03-14,4000787030016,HDD,10
2016-03-21,500107862016,HDD,26
2016-03-21,2000398934016,HDD,3
2016-03-21,4000787030016,HDD,921
2016-03-28,500107862016,HDD,8
2016-03-28,2000398934016,HDD,1
2016-03-28,4000787030016,HDD,13
2016-03-28,6001175126016,HDD,2
2016-04-04,500107862016,HDD,27
2016-04-04,2000398934016,HDD,2
2016-04-04,4000787030016,HDD,916
2016-04-04,5000981078016,HDD,1
2016-04-04,6001175126016,HDD,3
2016-04-11,500107862016,HDD,3
2016-04-11,3000592982016,HDD,1
2016-04-11,4000787030016,HDD,16
2016-04-18,500107862016,HDD,18
2016-04-18,2000398934016,HDD,1
2016-04-18,3000592982016,HDD,1
2016-04-18,4000787030016,HDD,920
2016-04-25,500107862016,HDD,9
2016-04-25,2000398934016,HDD,3
2016-04-25,3000592982016,HDD,1
2016-04-25,4000787030016,HDD,24
2016-05-02,500107862016,HDD,21
2016-05-02,2000398934016,HDD,1
2016-05-02,4000787030016,HDD,922
2016-05-09,500107862016,HDD,24
2016-05-09,2000398934016,HDD,2
2016-05-09,3000592982016,HDD,2
2016-05-09,4000787030016,HDD,896
2016-05-09,8001563222016,HDD,64
2016-05-16,500107862016,HDD,1
2016-05-16,2000398934016,HDD,1
2016-05-16,4000787030016,HDD,17
2016-05-16,6001175126016,HDD,1
2016-05-23,500107862016,HDD,6
2016-05-23,1000204886016,HDD,1
2016-05-23,2000398934016,HDD,5
2016-05-23,4000787030016,HDD,21
2016-05-30,500107862016,HDD,34
2016-05-30,2000398934016,HDD,1
2016-05-30,3000592982016,HDD,1
2016-05-30,4000787030016,HDD,25
2016-05-30,6001175126016,HDD,1
2016-05-30,8001563222016,HDD,899
2016-06-06,500107862016,HDD,20
2016-06-06,4000787030016,HDD,913
2016-06-13,500107862016,HDD,19
2016-06-13,4000787030016,HDD,919
2016-06-13,6001175126016,HDD,1
2016-06-20,500107862016,HDD,20
2016-06-20,4000787030016,HDD,13
2016-06-20,8001563222016,HDD,898
2016-06-27,500107862016,HDD,20
2016-06-27,1000204886016,HDD,1
2016-06-27,2000398934016,HDD,1
2016-06-27,4000787030016,HDD,20
2016-06-27,8001563222016,HDD,893
2016-07-04,500107862016,HDD,20
2016-07-04,3000592982016,HDD,1
2016-07-04,4000787030016,HDD,915
2016-07-11,4000787030016,HDD,26
2016-07-18,4000787030016,HDD,19
2016-07-18,6001175126016,HDD,1
2016-07-25,500107862016,HDD,1
2016-07-25,4000787030016,HDD,21
2016-08-01,500107862016,HDD,21
2016-08-01,4000787030016,HDD,20
2016-08-01,6001175126016,HDD,1
2016-08-01,8001563222016,HDD,1195
2016-08-08,500107862016,HDD,20
2016-08-08,4000787030016,HDD,18
2016-08-08,8001563222016,HDD,1202
2016-08-15,3000592982016,HDD,1
2016-08-15,4000787030016,HDD,22
2016-08-15,8001563222016,HDD,1
2016-08-22,4000787030016,HDD,19
2016-08-22,6001175126016,HDD,3
2016-08-22,8001563222016,HDD,2
2016-08-29,500107862016,HDD,1
2016-08-29,3000592982016,HDD,1
2016-08-29,4000787030016,HDD,28
2016-08-29,6001175126016,HDD,1
2016-09-05,4000787030016,HDD,22
2016-09-05,6001175126016,HDD,3
2016-09-05,8001563222016,HDD,1
2016-09-12,4000787030016,HDD,22
2016-09-12,6001175126016,HDD,5
2016-09-19,4000787030016,HDD,32
2016-09-19,6001175126016,HDD,1
2016-09-19,8001563222016,HDD,1
2016-09-26,4000787030016,HDD,24
2016-09-26,6001175126016,HDD,1
2016-10-03,4000787030016,HDD,20
2016-10-03,6001175126016,HDD,1
2016-10-03,8001563222016,HDD,1202
2016-10-10,3000592982016,HDD,1
2016-10-10,4000787030016,HDD,18
2016-10-10,6001175126016,HDD,1
2016-10-10,8001563222016,HDD,2
2016-10-17,500107862016,HDD,1
2016-10-17,4000787030016,HDD,17
2016-10-17,6001175126016,HDD,1
2016-10-17,8001563222016,HDD,2
2016-10-24,4000787030016,HDD,32
2016-10-24,6001175126016,HDD,2
2016-10-24,8001563222016,HDD,3
2016-10-31,4000787030016,HDD,2
2016-10-31,6001175126016,HDD,1
2016-10-31,8001563222016,HDD,1
2016-11-07,500107862016,HDD,20
2016-11-07,4000787030016,HDD,5
2016-11-07,8001563222016,HDD,1201
2016-11-14,3000592982016,HDD,1
2016-11-14,4000787030016,HDD,11
2016-11-14,6001175126016,HDD,2
2016-11-14,8001563222016,HDD,1
2016-11-21,4000787030016,HDD,14
2016-11-28,500107862016,HDD,6
2016-11-28,4000787030016,HDD,719
2016-11-28,6001175126016,HDD,1
2016-11-28,8001563222016,HDD,1
2016-12-05,500107862016,HDD,17
2016-12-05,3000592982016,HDD,2
2016-12-05,4000787030016,HDD,18
2016-12-05,6001175126016,HDD,2
2016-12-05,8001563222016,HDD,1201
2016-12-12,3000592982016,HDD,2
2016-12-12,4000787030016,HDD,31
2016-12-12,8001563222016,HDD,2
2016-12-19,500107862016,HDD,2
2016-12-19,3000592982016,HDD,3
2016-12-19,4000787030016,HDD,20
2016-12-19,6001175126016,HDD,2
2016-12-19,8001563222016,HDD,1
2016-12-26,3000592982016,HDD,3
2016-12-26,4000787030016,HDD,13
2016-12-26,8001563222016,HDD,3
2017-01-02,3000592982016,HDD,3
2017-01-02,4000787030016,HDD,17
2017-01-02,6001175126016,HDD,1
2017-01-09,3000592982016,HDD,2
2017-01-09,4000787030016,HDD,18
2017-01-09,8001563222016,HDD,1
2017-01-16,3000592982016,HDD,2
2017-01-16,4000787030016,HDD,19
2017-01-16,8001563222016,HDD,1
2017-01-23,3000592982016,HDD,2
2017-01-23,4000787030016,HDD,8
2017-01-23,8001563222016,HDD,2
2017-01-30,160041885696,HDD,1
2017-01-30,500107862016,HDD,20
2017-01-30,3000592982016,HDD,1
2017-01-30,4000787030016,HDD,22
2017-01-30,6001175126016,HDD,1
2017-01-30,8001563222016,HDD,1204
2017-02-06,4000787030016,HDD,29
2017-02-13,500107862016,HDD,60
2017-02-13,3000592982016,HDD,1
2017-02-13,4000787030016,HDD,2069
2017-02-13,6001175126016,HDD,1
2017-02-13,8001563222016,HDD,1
2017-02-20,500107862016,HDD,1
2017-02-20,4000787030016,HDD,27
2017-02-20,8001563222016,HDD,2
2017-02-27,500107862016,HDD,21
2017-02-27,3000592982016,HDD,2
2017-02-27,4000787030016,HDD,930
2017-02-27,6001175126016,HDD,1
2017-02-27,8001563222016,HDD,1
2017-03-06,3000592982016,HDD,3
2017-03-06,4000787030016,HDD,22
2017-03-06,8001563222016,HDD,4
2017-03-13,500107862016,HDD,40
2017-03-13,3000592982016,HDD,1
2017-03-13,4000787030016,HDD,1237
2017-03-13,8001563222016,HDD,1200
2017-03-20,500107862016,HDD,61
2017-03-20,4000787030016,HDD,2428
2017-03-20,6001175126016,HDD,1
2017-03-20,8001563222016,HDD,807
2017-03-27,500107862016,HDD,1
2017-03-27,4000787030016,HDD,36
2017-03-27,6001175126016,HDD,1
2017-03-27,8001563222016,HDD,5
2017-04-03,4000787030016,HDD,27
2017-04-03,8001563222016,HDD,2
2017-04-10,3000592982016,HDD,1
2017-04-10,4000787030016,HDD,20
2017-04-10,8001563222016,HDD,1
2017-04-17,4000787030016,HDD,18
2017-04-17,6001175126016,HDD,1
2017-04-17,8001563222016,HDD,7
2017-04-24,3000592982016,HDD,1
2017-04-24,4000787030016,HDD,12
2017-04-24,8001563222016,HDD,5
2017-05-01,500107862016,HDD,20
2017-05-01,4000787030016,HDD,15
2017-05-01,8001563222016,HDD,1202
2017-05-08,3000592982016,HDD,1
2017-05-08,4000787030016,HDD,24
2017-05-08,8001563222016,HDD,1
2017-05-15,4000787030016,HDD,12
2017-05-15,8001563222016,HDD,2
2017-05-22,3000592982016,HDD,1
2017-05-22,4000787030016,HDD,27
2017-05-22,8001563222016,HDD,2
2017-05-29,4000787030016,HDD,9
2017-05-29,6001175126016,HDD,1
2017-06-05,500107862016,HDD,5
2017-06-05,4000787030016,HDD,17
2017-06-05,6001175126016,HDD,1
2017-06-05,8001563222016,HDD,619
2017-06-12,500107862016,HDD,20
2017-06-12,3000592982016,HDD,1
2017-06-12,4000787030016,HDD,1221
2017-06-12,8001563222016,HDD,1
2017-06-19,500107862016,HDD,21
2017-06-19,4000787030016,HDD,23
2017-06-19,8001563222016,HDD,1203
2017-06-26,500107862016,HDD,4
2017-06-26,4000787030016,HDD,21
2017-06-26,8001563222016,HDD,8
2017-07-03,3000592982016,HDD,1
2017-07-03,4000787030016,HDD,26
2017-07-03,6001175126016,HDD,2
2017-07-03,8001563222016,HDD,2
2017-07-10,500107862016,HDD,30
2017-07-10,4000787030016,HDD,33
2017-07-10,8001563222016,HDD,2402
2017-07-17,4000787030016,HDD,32
2017-07-24,500107862016,HDD,1
2017-07-24,4000787030016,HDD,32
2017-07-24,6001175126016,HDD,1
2017-07-24,8001563222016,HDD,4
2017-07-31,500107862016,HDD,20
2017-07-31,4000787030016,HDD,14
2017-07-31,8001563222016,HDD,859
2017-08-07,4000787030016,HDD,35
2017-08-07,8001563222016,HDD,3
2017-08-14,500107862016,HDD,5
2017-08-14,4000787030016,HDD,24
2017-08-14,8001563222016,HDD,1204
2017-08-21,500107862016,HDD,20
2017-08-21,4000787030016,HDD,20
2017-08-21,8001563222016,HDD,916
2017-08-28,500107862016,HDD,20
2017-08-28,4000787030016,HDD,20
2017-08-28,8001563222016,HDD,843
2017-09-04,500107862016,HDD,20
2017-09-04,4000787030016,HDD,12
2017-09-04,6001175126016,HDD,1
2017-09-04,8001563222016,HDD,1165
2017-09-04,10000831348736,HDD,20
2017-09-04,12000138625024,HDD,20
2017-09-11,4000787030016,HDD,2
2017-09-11,8001563222016,HDD,2
2017-09-18,500107862016,HDD,20
2017-09-18,4000787030016,HDD,3
2017-09-18,8001563222016,HDD,4
2017-09-18,10000831348736,HDD,1200
2017-09-25,6001175126016,HDD,1
2017-09-25,8001563222016,HDD,1
2017-10-02,8001563222016,HDD,7
2017-10-02,10000831348736,HDD,1
2017-10-09,4000787030016,HDD,16
2017-10-09,6001175126016,HDD,2
2017-10-09,8001563222016,HDD,4
2017-10-16,500107862016,HDD,7
2017-10-16,4000787030016,HDD,7
2017-10-16,8001563222016,HDD,34
2017-10-16,12000138625024,HDD,1200
2017-10-23,6001175126016,HDD,1
2017-10-23,8001563222016,HDD,2
2017-10-30,500107862016,HDD,20
2017-10-30,4000787030016,HDD,2
2017-10-30,8001563222016,HDD,29
2017-10-30,10000831348736,HDD,1
2017-10-30,12000138625024,HDD,1206
2017-11-06,500107862016,HDD,21
2017-11-06,4000787030016,HDD,5
2017-11-06,6001175126016,HDD,1
2017-11-06,8001563222016,HDD,7
2017-11-06,12000138625024,HDD,1205
2017-11-13,500107862016,HDD,21
2017-11-13,4000787030016,HDD,6
2017-11-13,8001563222016,HDD,3
2017-11-13,12000138625024,HDD,1201
2017-11-20,500107862016,HDD,2
2017-11-20,4000787030016,HDD,5
2017-11-20,8001563222016,HDD,2
2017-11-27,500107862016,HDD,2
2017-11-27,4000787030016,HDD,26
2017-11-27,8001563222016,HDD,8
2017-11-27,12000138625024,HDD,1
2017-12-04,4000787030016,HDD,25
2017-12-04,8001563222016,HDD,10
2017-12-04,12000138625024,HDD,3
2017-12-11,4000787030016,HDD,14
2017-12-11,6001175126016,HDD,1
2017-12-11,8001563222016,HDD,8
2017-12-11,12000138625024,HDD,2
2017-12-18,500107862016,HDD,41
2017-12-18,4000787030016,HDD,18
2017-12-18,8001563222016,HDD,9
2017-12-18,12000138625024,HDD,2402
2017-12-25,4000787030016,HDD,4
2017-12-25,10000831348736,HDD,1
2017-12-25,12000138625024,HDD,2
2018-01-01,500107862016,HDD,43
2018-01-01,4000787030016,HDD,6
2018-01-01,8001563222016,HDD,1005
2018-01-01,12000138625024,HDD,2216
2018-01-08,500107862016,HDD,51
2018-01-08,1000204886016,SSD,10
2018-01-08,4000787030016,HDD,4
2018-01-08,8001563222016,HDD,4
2018-01-08,12000138625024,HDD,3603
2018-01-15,500107862016,HDD,3
2018-01-15,4000787030016,HDD,26
2018-01-15,8001563222016,HDD,5
2018-01-15,12000138625024,HDD,3
2018-01-22,500107862016,HDD,23
2018-01-22,4000787030016,HDD,6
2018-01-22,8001563222016,HDD,3
2018-01-22,12000138625024,HDD,1204
2018-01-29,500107862016,HDD,1
2018-01-29,4000787030016,HDD,3
2018-01-29,8001563222016,HDD,2
2018-01-29,12000138625024,HDD,3
2018-02-05,500107862016,HDD,14
2018-02-05,4000787030016,HDD,5
2018-02-05,8001563222016,HDD,4
2018-02-05,12000138625024,HDD,4
2018-02-12,500107862016,HDD,23
2018-02-12,4000787030016,HDD,2
2018-02-12,6001175126016,HDD,1
2018-02-12,8001563222016,HDD,3
2018-02-12,12000138625024,HDD,1201
2018-02-19,500107862016,HDD,1
2018-02-19,4000787030016,HDD,1
2018-02-19,8001563222016,HDD,6
2018-02-19,12000138625024,HDD,4
2018-02-26,500107862016,HDD,2
2018-02-26,3000592982016,HDD,1
2018-02-26,8001563222016,HDD,3
2018-02-26,12000138625024,HDD,1
2018-03-05,500107862016,HDD,1
2018-03-05,8001563222016,HDD,4
2018-03-05,12000138625024,HDD,1
2018-03-12,500107862016,HDD,22
2018-03-12,4000787030016,HDD,1
2018-03-12,8001563222016,HDD,24
2018-03-12,12000138625024,HDD,1181
2018-03-19,500107862016,HDD,2
2018-03-19,8001563222016,HDD,3
2018-03-19,12000138625024,HDD,2
2018-03-26,8001563222016,HDD,3
2018-03-26,12000138625024,HDD,2
2018-04-02,6001175126016,HDD,1
2018-04-02,8001563222016,HDD,4
2018-04-02,12000138625024,HDD,3
2018-04-09,500107862016,HDD,23
2018-04-09,4000787030016,HDD,1
2018-04-09,8001563222016,HDD,3
2018-04-09,12000138625024,HDD,1205
2018-04-16,500107862016,HDD,4
2018-04-16,8001563222016,HDD,2
2018-04-16,12000138625024,HDD,3
2018-04-23,500107862016,HDD,20
2018-04-23,6001175126016,HDD,1
2018-04-23,8001563222016,HDD,5
2018-04-23,12000138625024,HDD,1202
2018-04-30,500107862016,HDD,1
2018-04-30,4000787030016,HDD,2
2018-04-30,8001563222016,HDD,5
2018-04-30,12000138625024,HDD,1
2018-05-07,500107862016,HDD,11
2018-05-07,8001563222016,HDD,5
2018-05-07,12000138625024,HDD,1205
2018-05-14,500107862016,HDD,22
2018-05-14,4000787030016,HDD,6
2018-05-14,8001563222016,HDD,5
2018-05-14,12000138625024,HDD,1206
2018-05-21,500107862016,HDD,3
2018-05-21,4000787030016,HDD,8
2018-05-21,8001563222016,HDD,4
2018-05-21,12000138625024,HDD,9
2018-05-28,6001175126016,HDD,1
2018-05-28,8001563222016,HDD,1
2018-05-28,12000138625024,HDD,4
2018-06-04,500107862016,HDD,2
2018-06-04,6001175126016,HDD,1
2018-06-04,8001563222016,HDD,6
2018-06-04,12000138625024,HDD,21
2018-06-04,14000519643136,HDD,79
2018-06-11,500107862016,HDD,4
2018-06-11,6001175126016,HDD,2
2018-06-11,8001563222016,HDD,4
2018-06-11,12000138625024,HDD,6
2018-06-18,500107862016,HDD,1
2018-06-18,6001175126016,HDD,1
2018-06-18,8001563222016,HDD,5
2018-06-18,12000138625024,HDD,4
2018-06-25,8001563222016,HDD,3
2018-06-25,12000138625024,HDD,8
2018-07-02,500107862016,HDD,1
2018-07-02,8001563222016,HDD,4
2018-07-02,12000138625024,HDD,6
2018-07-09,500107862016,HDD,21
2018-07-09,3000592982016,HDD,1
2018-07-09,8001563222016,HDD,1
2018-07-09,12000138625024,HDD,1204
2018-07-16,500107862016,HDD,1
2018-07-16,3000592982016,HDD,1
2018-07-16,8001563222016,HDD,3
2018-07-16,12000138625024,HDD,1207
2018-07-23,500107862016,HDD,20
2018-07-23,3000592982016,HDD,1
2018-07-23,4000787030016,HDD,1
2018-07-23,6001175126016,HDD,1
2018-07-23,8001563222016,HDD,4
2018-07-23,12000138625024,HDD,1203
2018-07-30,500107862016,HDD,1
2018-07-30,8001563222016,HDD,10
2018-07-30,12000138625024,HDD,7
2018-08-06,500107862016,HDD,3
2018-08-06,8001563222016,HDD,3
2018-08-06,12000138625024,HDD,8
2018-08-13,500107862016,HDD,12
2018-08-13,8001563222016,HDD,6
2018-08-13,12000138625024,HDD,2
2018-08-20,500107862016,HDD,2
2018-08-20,8001563222016,HDD,2
2018-08-20,12000138625024,HDD,6
2018-08-27,500107862016,HDD,17
2018-08-27,8001563222016,HDD,4
2018-08-27,10000831348736,HDD,2
2018-08-27,12000138625024,HDD,1210
2018-09-03,8001563222016,HDD,6
2018-09-03,10000831348736,HDD,1
2018-09-03,12000138625024,HDD,3
2018-09-10,500107862016,HDD,1
2018-09-10,6001175126016,HDD,2
2018-09-10,8001563222016,HDD,5
2018-09-10,12000138625024,HDD,5
2018-09-17,8001563222016,HDD,7
2018-09-17,12000138625024,HDD,8
2018-09-24,500107862016,HDD,1
2018-09-24,8001563222016,HDD,4
2018-09-24,12000138625024,HDD,10
2018-10-01,500107862016,HDD,23
2018-10-01,8001563222016,HDD,5
2018-10-01,12000138625024,HDD,14
2018-10-01,14000519643136,HDD,1199
2018-10-08,4000787030016,HDD,1
2018-10-08,8001563222016,HDD,3
2018-10-08,10000831348736,HDD,3
2018-10-08,12000138625024,HDD,47
2018-10-15,500107862016,HDD,1
2018-10-15,4000787030016,HDD,2
2018-10-15,8001563222016,HDD,6
2018-10-15,10000831348736,HDD,3
2018-10-15,12000138625024,HDD,6
2018-10-22,4000787030016,HDD,1
2018-10-22,8001563222016,HDD,4
2018-10-22,10000831348736,HDD,2
2018-10-22,12000138625024,HDD,5
2018-10-29,500107862016,HDD,21
2018-10-29,500107862016,SSD,1
2018-10-29,4000787030016,HDD,2
2018-10-29,8001563222016,HDD,4
2018-10-29,10000831348736,HDD,1
2018-10-29,12000138625024,HDD,1172
2018-11-05,500107862016,HDD,2
2018-11-05,500107862016,SSD,5
2018-11-05,4000787030016,HDD,1
2018-11-05,8001563222016,HDD,4
2018-11-05,10000831348736,HDD,2
2018-11-05,12000138625024,HDD,10
2018-11-12,500107862016,HDD,20
2018-11-12,500107862016,SSD,1
2018-11-12,4000787030016,HDD,1
2018-11-12,8001563222016,HDD,5
2018-11-12,12000138625024,HDD,1210
2018-11-19,500107862016,HDD,2
2018-11-19,500107862016,SSD,1
2018-11-19,4000787030016,HDD,2
2018-11-19,8001563222016,HDD,5
2018-11-19,10000831348736,HDD,1
2018-11-19,12000138625024,HDD,13
2018-11-26,500107862016,HDD,1
2018-11-26,4000787030016,HDD,1
2018-11-26,8001563222016,HDD,8
2018-11-26,10000831348736,HDD,1
2018-11-26,12000138625024,HDD,7
2018-12-03,500107862016,HDD,38
2018-12-03,4000787030016,HDD,1
2018-12-03,8001563222016,HDD,5
2018-12-03,10000831348736,HDD,1
2018-12-03,12000138625024,HDD,2413
2018-12-10,500107862016,HDD,1
2018-12-10,500107862016,SSD,1
2018-12-10,8001563222016,HDD,6
2018-12-10,12000138625024,HDD,7
2018-12-17,500107862016,HDD,23
2018-12-17,500107862016,SSD,4
2018-12-17,2000398934016,SSD,1
2018-12-17,4000787030016,HDD,2
2018-12-17,8001563222016,HDD,6
2018-12-17,10000831348736,HDD,1
2018-12-17,12000138625024,HDD,2415
2018-12-17,14000519643136,HDD,1
2018-12-24,8001563222016,HDD,2
2018-12-24,12000138625024,HDD,3
2018-12-31,500107862016,HDD,22
2018-12-31,500107862016,SSD,3
2018-12-31,2000398934016,SSD,2
2018-12-31,4000787030016,HDD,1
2018-12-31,8001563222016,HDD,6
2018-12-31,12000138625024,HDD,1213
2018-12-31,14000519643136,HDD,18
2019-01-07,500107862016,HDD,1
2019-01-07,4000787030016,HDD,2
2019-01-07,8001563222016,HDD,10
2019-01-07,10000831348736,HDD,3
2019-01-07,12000138625024,HDD,26
2019-01-14,500107862016,HDD,1
2019-01-14,8001563222016,HDD,9
2019-01-14,12000138625024,HDD,5
2019-01-14,14000519643136,HDD,1
2019-01-21,500107862016,HDD,22
2019-01-21,500107862016,SSD,2
2019-01-21,8001563222016,HDD,10
2019-01-21,10000831348736,HDD,1
2019-01-21,12000138625024,HDD,1210
2019-01-21,14000519643136,HDD,2
2019-01-28,8001563222016,HDD,1
2019-01-28,10000831348736,HDD,1
2019-01-28,12000138625024,HDD,9
2019-01-28,14000519643136,HDD,1
2019-02-04,500107862016,HDD,2
2019-02-04,8001563222016,HDD,7
2019-02-04,10000831348736,HDD,1
2019-02-04,12000138625024,HDD,14
2019-02-11,500107862016,HDD,1
2019-02-11,8001563222016,HDD,10
2019-02-11,12000138625024,HDD,20
2019-02-18,500107862016,HDD,1
2019-02-18,8001563222016,HDD,4
2019-02-18,10000831348736,HDD,2
2019-02-18,12000138625024,HDD,8
2019-02-25,500107862016,HDD,41
2019-02-25,8001563222016,HDD,2
2019-02-25,12000138625024,HDD,2031
2019-03-04,480036847616,HDD,20
2019-03-04,500107862016,HDD,1
2019-03-04,8001563222016,HDD,7
2019-03-04,10000831348736,HDD,1
2019-03-04,12000138625024,HDD,522
2019-03-11,8001563222016,HDD,7
2019-03-11,12000138625024,HDD,9
2019-03-18,500107862016,HDD,3
2019-03-18,8001563222016,HDD,6
2019-03-18,12000138625024,HDD,16
2019-03-25,500107862016,HDD,21
2019-03-25,8001563222016,HDD,8
2019-03-25,10000831348736,HDD,1
2019-03-25,12000138625024,HDD,1213
2019-04-01,500107862016,HDD,3
2019-04-01,4000787030016,HDD,2
2019-04-01,8001563222016,HDD,4
2019-04-01,10000831348736,HDD,1
2019-04-01,12000138625024,HDD,17
2019-04-08,500107862016,HDD,3
2019-04-08,4000787030016,HDD,1
2019-04-08,8001563222016,HDD,1
2019-04-08,10000831348736,HDD,2
2019-04-08,12000138625024,HDD,8
2019-04-15,500107862016,HDD,3
2019-04-15,4000787030016,HDD,2
2019-04-15,8001563222016,HDD,10
2019-04-15,12000138625024,HDD,20
2019-04-22,500107862016,HDD,4
2019-04-22,4000787030016,HDD,1
2019-04-22,8001563222016,HDD,4
2019-04-22,12000138625024,HDD,19
2019-04-29,500107862016,HDD,15
2019-04-29,8001563222016,HDD,5
2019-04-29,12000138625024,HDD,1211
2019-05-06,500107862016,HDD,2
2019-05-06,8001563222016,HDD,4
2019-05-06,12000138625024,HDD,23
2019-05-13,500107862016,HDD,20
2019-05-13,4000787030016,HDD,1
2019-05-13,8001563222016,HDD,7
2019-05-13,12000138625024,HDD,1233
2019-05-20,500107862016,HDD,2
2019-05-20,4000787030016,HDD,1
2019-05-20,8001563222016,HDD,7
2019-05-20,12000138625024,HDD,16
2019-05-27,250059350016,SSD,36
2019-05-27,500107862016,HDD,4
2019-05-27,4000787030016,HDD,1
2019-05-27,8001563222016,HDD,2
2019-05-27,12000138625024,HDD,2411
2019-06-03,8001563222016,HDD,10
2019-06-03,10000831348736,HDD,1
2019-06-03,12000138625024,HDD,22
2019-06-10,8001563222016,HDD,11
2019-06-10,12000138625024,HDD,28
2019-06-17,8001563222016,HDD,5
2019-06-17,12000138625024,HDD,20
2019-06-24,250059350016,SSD,1
2019-06-24,8001563222016,HDD,7
2019-06-24,12000138625024,HDD,28
2019-07-01,500107862016,HDD,1
2019-07-01,8001563222016,HDD,8
2019-07-01,12000138625024,HDD,29
2019-07-08,500107862016,HDD,1
2019-07-08,4000787030016,HDD,7
2019-07-08,8001563222016,HDD,11
2019-07-08,12000138625024,HDD,26
2019-07-15,480036847616,HDD,20
2019-07-15,8001563222016,HDD,9
2019-07-15,12000138625024,HDD,570
2019-07-22,480036847616,HDD,20
2019-07-22,500107862016,HDD,1
2019-07-22,8001563222016,HDD,5
2019-07-22,12000138625024,HDD,558
2019-07-29,500107862016,HDD,4
2019-07-29,4000787030016,HDD,2
2019-07-29,8001563222016,HDD,9
2019-07-29,12000138625024,HDD,31
2019-08-05,500107862016,HDD,1
2019-08-05,8001563222016,HDD,12
2019-08-05,12000138625024,HDD,21
2019-08-12,250059350016,SSD,23
2019-08-12,500107862016,HDD,2
2019-08-12,4000787030016,HDD,1
2019-08-12,8001563222016,HDD,3
2019-08-12,12000138625024,HDD,642
2019-08-19,250059350016,SSD,1
2019-08-19,500107862016,HDD,1
2019-08-19,8001563222016,HDD,2
2019-08-19,12000138625024,HDD,20
2019-08-26,250059350016,SSD,4
2019-08-26,500107862016,HDD,2
2019-08-26,4000787030016,HDD,1
2019-08-26,8001563222016,HDD,5
2019-08-26,12000138625024,HDD,40
2019-09-02,500107862016,HDD,4
2019-09-02,8001563222016,HDD,7
2019-09-02,12000138625024,HDD,35
2019-09-09,500107862016,HDD,4
2019-09-09,8001563222016,HDD,7
2019-09-09,12000138625024,HDD,30
2019-09-09,14000519643136,HDD,1
2019-09-16,250059350016,SSD,16
2019-09-16,500107862016,HDD,9
2019-09-16,8001563222016,HDD,7
2019-09-16,12000138625024,HDD,1249
2019-09-23,250059350016,SSD,22
2019-09-23,8001563222016,HDD,3
2019-09-23,12000138625024,HDD,1234
2019-09-30,500107862016,HDD,8
2019-09-30,8001563222016,HDD,10
2019-09-30,12000138625024,HDD,32
2019-10-07,250059350016,SSD,19
2019-10-07,500107862016,HDD,4
2019-10-07,2000398934016,SSD,1
2019-10-07,8001563222016,HDD,3
2019-10-07,10000831348736,HDD,2
2019-10-07,12000138625024,HDD,1207
2019-10-07,16000900661248,HDD,20
2019-10-14,500107862016,HDD,6
2019-10-14,8001563222016,HDD,9
2019-10-14,12000138625024,HDD,30
2019-10-21,500107862016,HDD,2
2019-10-21,8001563222016,HDD,8
2019-10-21,12000138625024,HDD,16
2019-10-21,14000519643136,HDD,1
2019-10-28,250059350016,SSD,40
2019-10-28,500107862016,HDD,3
2019-10-28,4000787030016,HDD,1
2019-10-28,8001563222016,HDD,9
2019-10-28,12000138625024,HDD,2432
2019-11-04,250059350016,SSD,1
2019-11-04,500107862016,HDD,8
2019-11-04,8001563222016,HDD,4
2019-11-04,10000831348736,HDD,1
2019-11-04,12000138625024,HDD,35
2019-11-04,14000519643136,HDD,1
2019-11-11,250059350016,SSD,21
2019-11-11,500107862016,HDD,21
2019-11-11,8001563222016,HDD,6
2019-11-11,10000831348736,HDD,1
2019-11-11,12000138625024,HDD,47
2019-11-11,14000519643136,HDD,2400
2019-11-18,250059350016,SSD,5
2019-11-18,500107862016,HDD,1
2019-11-18,8001563222016,HDD,12
2019-11-18,12000138625024,HDD,56
2019-11-18,14000519643136,HDD,2
2019-11-25,250059350016,SSD,22
2019-11-25,500107862016,HDD,1
2019-11-25,8001563222016,HDD,6
2019-11-25,12000138625024,HDD,1223
2019-11-25,14000519643136,HDD,1
2019-12-02,250059350016,SSD,4
2019-12-02,500107862016,HDD,2
2019-12-02,8001563222016,HDD,6
2019-12-02,10000831348736,HDD,1
2019-12-02,12000138625024,HDD,19
2019-12-09,250059350016,SSD,1
2019-12-09,4000787030016,HDD,1
2019-12-09,8001563222016,HDD,8
2019-12-09,12000138625024,HDD,19
2019-12-09,14000519643136,HDD,1
2019-12-16,250059350016,SSD,42
2019-12-16,500107862016,HDD,3
2019-12-16,8001563222016,HDD,6
2019-12-16,12000138625024,HDD,2397
2019-12-16,16000900661248,HDD,20
2019-12-23,250059350016,SSD,1
2019-12-23,8001563222016,HDD,4
2019-12-23,12000138625024,HDD,13
2019-12-30,250059350016,SSD,9
2019-12-30,8001563222016,HDD,10
2019-12-30,12000138625024,HDD,14
2019-12-30,14000519643136,HDD,1
2020-01-06,250059350016,SSD,13
2020-01-06,8001563222016,HDD,6
2020-01-06,12000138625024,HDD,13
2020-01-13,250059350016,SSD,3
2020-01-13,8001563222016,HDD,8
2020-01-13,12000138625024,HDD,17
2020-01-13,14000519643136,HDD,2
2020-01-20,250059350016,SSD,27
2020-01-20,8001563222016,HDD,3
2020-01-20,10000831348736,HDD,1
2020-01-20,12000138625024,HDD,1200
2020-01-20,14000519643136,HDD,1
2020-01-20,16000900661248,HDD,20
2020-01-27,250059350016,SSD,7
2020-01-27,8001563222016,HDD,8
2020-01-27,12000138625024,HDD,10
2020-02-03,250059350016,SSD,26
2020-02-03,8001563222016,HDD,7
2020-02-03,12000138625024,HDD,17
2020-02-03,14000519643136,HDD,1180
2020-02-03,16000900661248,HDD,20
2020-02-10,250059350016,SSD,7
2020-02-10,500107862016,HDD,1
2020-02-10,8001563222016,HDD,5
2020-02-10,10000831348736,HDD,1
2020-02-10,12000138625024,HDD,14
2020-02-10,14000519643136,HDD,2
2020-02-17,250059350016,SSD,23
2020-02-17,8001563222016,HDD,6
2020-02-17,10000831348736,HDD,1
2020-02-17,12000138625024,HDD,7
2020-02-17,14000519643136,HDD,1203
2020-02-24,250059350016,SSD,2
2020-02-24,4000787030016,HDD,1
2020-02-24,8001563222016,HDD,4
2020-02-24,12000138625024,HDD,12
2020-02-24,14000519643136,HDD,1
2020-03-02,250059350016,SSD,23
2020-03-02,4000787030016,HDD,2
2020-03-02,8001563222016,HDD,3
2020-03-02,12000138625024,HDD,10
2020-03-02,14000519643136,HDD,2
2020-03-09,250059350016,SSD,4
2020-03-09,8001563222016,HDD,3
2020-03-09,12000138625024,HDD,13
2020-03-09,14000519643136,HDD,1
2020-03-16,250059350016,SSD,45
2020-03-16,8001563222016,HDD,1
2020-03-16,12000138625024,HDD,10
2020-03-16,14000519643136,HDD,1203
2020-03-23,250059350016,SSD,11
2020-03-23,8001563222016,HDD,2
2020-03-23,10000831348736,HDD,1
2020-03-23,12000138625024,HDD,1217
2020-03-23,14000519643136,HDD,1
2020-03-30,250059350016,SSD,2
2020-03-30,8001563222016,HDD,6
2020-03-30,12000138625024,HDD,15
2020-04-06,250059350016,SSD,23
2020-04-06,500107862016,HDD,1
2020-04-06,8001563222016,HDD,7
2020-04-06,12000138625024,HDD,1209
2020-04-06,14000519643136,HDD,2
2020-04-13,250059350016,SSD,3
2020-04-13,8001563222016,HDD,3
2020-04-13,12000138625024,HDD,11
2020-04-13,14000519643136,HDD,2
2020-04-20,250059350016,SSD,22
2020-04-20,480036847616,HDD,40
2020-04-20,8001563222016,HDD,2
2020-04-20,10000831348736,HDD,1
2020-04-20,12000138625024,HDD,2248
2020-04-20,14000519643136,HDD,2
2020-04-27,250059350016,SSD,22
2020-04-27,8001563222016,HDD,1
2020-04-27,12000138625024,HDD,1242
2020-04-27,14000519643136,HDD,3
2020-05-04,250059350016,SSD,5
2020-05-04,8001563222016,HDD,3
2020-05-04,12000138625024,HDD,19
2020-05-04,14000519643136,HDD,3
2020-05-11,250059350016,SSD,5
2020-05-11,8001563222016,HDD,1
2020-05-11,12000138625024,HDD,71
2020-05-11,14000519643136,HDD,1
2020-05-18,250059350016,SSD,44
2020-05-18,8001563222016,HDD,6
2020-05-18,12000138625024,HDD,2443
2020-05-18,14000519643136,HDD,2
2020-05-25,250059350016,SSD,1
2020-05-25,8001563222016,HDD,2
2020-05-25,12000138625024,HDD,69
2020-05-25,14000519643136,HDD,35
2020-06-01,250059350016,SSD,3
2020-06-01,8001563222016,HDD,6
2020-06-01,12000138625024,HDD,127
2020-06-08,250059350016,SSD,21
2020-06-08,8001563222016,HDD,5
2020-06-08,12000138625024,HDD,1248
2020-06-08,14000519643136,HDD,1
2020-06-15,250059350016,SSD,21
2020-06-15,500107862016,HDD,1
2020-06-15,8001563222016,HDD,2
2020-06-15,10000831348736,HDD,1
2020-06-15,12000138625024,HDD,1291
2020-06-22,250059350016,SSD,24
2020-06-22,8001563222016,HDD,5
2020-06-22,12000138625024,HDD,83
2020-06-22,14000519643136,HDD,1301
2020-06-29,250059350016,SSD,1
2020-06-29,8001563222016,HDD,2
2020-06-29,12000138625024,HDD,1
