note,Alban Berg,Alexander Scriabin,Anton Arensky,Antonio Soler,Carl Maria von Weber,Charles Gounod / Franz Liszt,Claude Debussy,César Franck,Domenico Scarlatti,Edvard Grieg,Felix Mendelssohn,Felix Mendelssohn / Sergei Rachmaninoff,Franz Liszt,Franz Liszt / Camille Saint-Saëns,Franz Liszt / Vladimir Horowitz,Franz Schubert,Franz Schubert / Franz Liszt,Franz Schubert / Leopold Godowsky,Fritz Kreisler / Sergei Rachmaninoff,Frédéric Chopin,George Enescu,George Frideric Handel,Georges Bizet / Ferruccio Busoni,Georges Bizet / Moritz Moszkowski,Georges Bizet / Vladimir Horowitz,Giuseppe Verdi / Franz Liszt,Henry Purcell,Isaac Albéniz,Isaac Albéniz / Leopold Godowsky,Jean-Philippe Rameau,Johann Christian Fischer / Wolfgang Amadeus Mozart,Johann Pachelbel,Johann Sebastian Bach,Johann Sebastian Bach / Egon Petri,Johann Sebastian Bach / Ferruccio Busoni,Johann Sebastian Bach / Franz Liszt,Johann Sebastian Bach / Myra Hess,Johann Strauss / Alfred Grünfeld,Johannes Brahms,Joseph Haydn,Leoš Janáček,Ludwig van Beethoven,Mikhail Glinka / Mily Balakirev,Mily Balakirev,Modest Mussorgsky,Muzio Clementi,Niccolò Paganini / Franz Liszt,Nikolai Medtner,Nikolai Rimsky-Korsakov / Sergei Rachmaninoff,Orlando Gibbons,Percy Grainger,Pyotr Ilyich Tchaikovsky,Pyotr Ilyich Tchaikovsky / Mikhail Pletnev,Pyotr Ilyich Tchaikovsky / Sergei Rachmaninoff,Richard Wagner / Franz Liszt,Robert Schumann,Robert Schumann / Franz Liszt,Sergei Rachmaninoff,Sergei Rachmaninoff / György Cziffra,Sergei Rachmaninoff / Vyacheslav Gryaznov,Wolfgang Amadeus Mozart,All
A#1,0.0014295925661186562,0.005372710395510193,0.003337874659400545,0.001435544071202986,0.0008575660715677867,0.0033933698773166276,0.0038242204708992117,0.0037711100180357437,0.0005444975497610261,,0.002307755707574384,0.003126332243853915,0.004477799374345152,0.011205395996518711,0.006607754159700661,0.002745149901214679,0.0020383812270060656,,0.0028399006034788782,0.00363483512715286,0.0024451689389448725,0.00025424267463293714,0.0038301415487094087,0.0007217610970768675,0.002592505302851756,0.0024422318241593085,,0.0009981235277677965,0.0018066847335140017,,,,0.00018224277280259716,0.0008678672163159037,0.006873075052682769,0.007472384665367121,,0.0013602798289933929,0.004504795775406832,0.0018887992371451625,0.0034251267296889986,0.004761425683894748,0.002575107296137339,0.0013935969868173258,0.009768121234252329,0.004802859376745225,0.0022385022385022386,0.004345429192204171,,,,0.006218461695295377,0.0011757789535567313,,0.004438033950959725,0.004190154130720327,0.0009225092250922509,0.0066311272916395785,,0.005970149253731343,0.0008716373426307983,0.0036816563534120784
A#2,0.007624493685966166,0.010463096837116189,0.009673024523160764,0.008326155612977318,0.005067435877446012,0.0052205690420255805,0.006914190611385775,0.008607968519429415,0.0021174904712928794,0.0011909487892020642,0.010487925492458585,0.011652692908910047,0.010974263431055198,0.015992167101827676,0.006766977151500677,0.010836328953116045,0.005021378144575917,,0.003727369542066028,0.011145647821421856,0.00555720213396562,0.009851903642026314,0.008825978351373855,0.003608805485384338,0.006363422106999765,0.0045087356753710315,,0.004311893639956881,0.005420054200542005,0.00706090026478376,0.00016983695652173913,0.003552397868561279,0.01003606711619884,0.05142113256671729,0.01287080564110877,0.009963179553822829,,0.007190050524679362,0.009444983295613751,0.007729406586958116,0.02383888203863543,0.01598543951269927,0.014163090128755365,0.005348399246704332,0.018532043089282454,0.013031013812874642,0.003663003663003663,0.011155430165061452,0.0030511060259344014,0.0283363802559415,0.00788436268068331,0.022529180896070138,0.0020308909197798088,0.004337050805452293,0.010540330633529346,0.012116552669131019,0.007841328413284132,0.016556147878472673,0.002888980602558811,0.027238805970149254,0.005728906727775005,0.011173373768793616
A#3,0.029306647605432452,0.023603993600657045,0.02861035422343324,0.005742176284811944,0.012785530521556093,0.016836335160532498,0.022792354006559302,0.022995573044761436,0.009135458890434992,0.008733624454148471,0.02649798071375587,0.04341338638624414,0.02071146215425447,0.028285465622280244,0.009473768012100947,0.025127138511848227,0.025007457492293925,0.016812373907195696,0.01668441604543841,0.028255699478999592,0.013485477178423237,0.019513125278077924,0.010990840965861781,0.010826416456153013,0.005892057506481263,0.011835431147848957,,0.02527248772308061,0.009033423667570008,0.01323918799646955,0.0010190217391304348,0.047957371225577264,0.021797083267994354,0.06791060967671946,0.02165667044901929,0.021009313406974227,,0.023513408472600077,0.017695872400043108,0.021106873028680407,0.04315659679408138,0.02568206554048492,0.04849785407725322,0.026629001883239172,0.0198405453106932,0.03071596113034737,0.007326007326007326,0.02133800304828615,0.006864988558352402,0.050274223034734916,0.023981603153745073,0.03613843722921658,0.0030997808775586554,0.017657992565055763,0.018750693442804837,0.03024457223264008,0.026752767527675275,0.030977766220257445,0.012381345439537762,0.04477611940298507,0.023808352253955757,0.024217512767131088
A#4,0.02644746247319514,0.028805598569558635,0.022956403269754767,0.020671834625323,0.013954938800966711,0.01579222135212738,0.027148905967007687,0.02893917035579603,0.017544921047855284,0.009527590313616514,0.024045990274458088,0.06515560608213727,0.021142560461537598,0.026871192341166233,0.01249900485630125,0.019684928926666425,0.022720493188823705,0.016812373907195696,0.018814341498047567,0.028412773912370164,0.01652341434499111,0.03025487828131952,0.011490424646128226,0.013533020570191267,0.015790714117369785,0.01653203080969378,0.000851063829787234,0.02124006867089871,0.015356820234869015,0.011032656663724626,0.0008491847826086956,0.046181172291296625,0.03156190532699863,0.03796919071382079,0.025222888636732048,0.02360840372536279,0.0006648936170212766,0.033035367275553826,0.019980601357904946,0.0295514560258197,0.027127003699136867,0.02271509187191893,0.04592274678111588,0.026214689265536724,0.03347331264074006,0.043523586135001305,0.005087505087505087,0.019716574245224893,0.019832189168573607,0.03656307129798903,0.035479632063074903,0.03863601610683521,0.002725669392336059,0.04151177199504337,0.02130256296460668,0.026372154908040728,0.02952029520295203,0.03278182290989468,0.015683037556747832,0.05373134328358209,0.026289706947090208,0.024697707903814772
A#5,0.013581129378127233,0.011241626528185342,0.008855585831062671,0.0034453057708871662,0.007094410228424417,0.010441138084051161,0.013871212492045622,0.007419249057222495,0.008147296670498317,0.009130607383882492,0.00576938926893596,0.01662640329685946,0.018372285252126908,0.027306353350739773,0.01289706233580129,0.009587987063731561,0.008302674753902754,,0.011537096201632943,0.013745119077906707,0.01022525192649674,0.00533909616729168,0.007160699417152373,0.00577408877661494,0.010134338911147773,0.019913582566222054,0.005531914893617021,0.01608975126761688,0.004516711833785004,,0.00016983695652173913,0.017761989342806393,0.005365566287629954,0.033195921024083315,0.011509158696709354,0.014511587611002815,0.0006648936170212766,0.04411193159735717,0.01341954952042246,0.018906330228122936,0.013700506918755994,0.014090381115267475,0.03648068669527897,0.015329566854990585,0.014423954719737082,0.017498789977288806,0.005291005291005291,0.006972143853163407,0.017543859649122806,,0.024967148488830485,0.02319180386360161,0.0032868366201699536,0.011771995043370507,0.019083545989126816,0.009767569852450971,0.012915129151291513,0.015152992675421488,0.022286421791167972,0.07835820895522388,0.013974314815726025,0.012911165582921309
A#6,0.0030974505599237552,0.0018308280647120723,0.0019754768392370573,,0.0003898027598035394,0.015400678673975463,0.004937833472025062,0.0008198065256599442,,,0.0004120992334954257,0.0012789540997584197,0.010440076398117412,0.01642732811140122,0.008598041557200859,0.0014086426135430066,0.0038778959928408075,,0.001597444089456869,0.003533068592856432,0.0014078245406046236,,0.00033305578684429644,0.001804402742692169,0.004006599104407259,0.017471350742062748,,0.003513394817742644,,,,,2.9667428130655354e-05,,0.0011347057869995137,0.0021659085986571367,,0.0194325689856199,0.0023407694794697702,,0.0009590354843129195,0.0009566752334525366,0.030901287553648068,0.008587570621468926,0.0024952833059460775,0.00022338880822070814,0.001221001221001221,0.0015241430748775822,0.0030511060259344014,,0.011498028909329829,0.006830113665324431,0.0012559457003901448,0.0040272614622057,0.006435149228891601,0.000800015886840306,0.0027675276752767526,0.002064100897152516,0.0024762690879075525,0.01753731343283582,,0.0029780754971594665
A1,0.0026209197045508697,0.003114118764276609,0.005449591280653951,0.006316393913293138,0.0023388165588212363,0.01096319498825372,0.0026800137060061678,0.0030332841449417936,0.0012906608586928025,0.0003969829297340214,0.00704689689277178,0.004547392354696604,0.004221014730441726,0.011966927763272411,0.006528142663800653,0.0031378866754030563,0.0028338470716913595,0.0006724949562878278,0.0023074192403265887,0.002457883034855038,0.003704801422643746,0.00031780334329117144,0.007993338884263113,0.0012630819198845183,0.0023568230025925053,0.0018786398647379298,,0.0013175230566534915,0.004516711833785004,0.000441306266548985,,,0.0003602473415865293,,0.013195007294537202,0.00823045267489712,0.0026595744680851063,0.000777302759424796,0.00559111973272982,0.0005593046284750238,0.0002740101383751199,0.004004134007700961,0.00042918454935622315,0.0014312617702448211,0.005994765991114357,0.0011541755091403255,0.009971509971509971,0.005804715114959302,0.002288329519450801,,0.0022996057818659658,0.001682042917579897,0.010822510822510822,,0.0018861644291578831,0.003557517454247318,0.0027675276752767526,0.003098860139557058,0.0008254230293025176,,0.0006677866737897245,0.003354633125625492
A2,0.011913271384322134,0.00801628923661314,0.024318801089918254,0.011771461383864484,0.007094410228424417,0.01892456277734273,0.006767340545303245,0.008198065256599442,0.013108274346098776,0.02818578801111552,0.021078875793291024,0.006821088532044906,0.010460694143248345,0.022193211488250653,0.0109863864342011,0.012868140631825304,0.007954658446852938,0.014794889038332213,0.007632232871849485,0.00881386679645587,0.013337285121517486,0.013093497743596262,0.016319733555370523,0.010104655359076146,0.013905255715295781,0.004696599661844825,0.004680851063829788,0.006148440931049627,0.04878048780487805,0.024271844660194174,0.0033967391304347825,,0.013994549669631996,0.0060750705142113256,0.028205543848273625,0.01537795105046567,0.005984042553191489,0.001554605518849592,0.015635305528612996,0.003300814200836206,0.011850938484723935,0.012447753276566944,0.004291845493562232,0.006629001883239172,0.011593938287383605,0.008637700584534048,0.0231990231990232,0.016538573791224826,0.018306636155606407,0.02102376599634369,0.0042706964520367935,0.012385952393088333,0.011437122548233659,,0.006102296682569622,0.011313699846521775,0.006457564575645757,0.009475360811337928,0.004127115146512587,0.001119402985074627,0.007704149415510927,0.011213049380988313
A3,0.027162258756254467,0.01852216243038148,0.04516348773841962,0.006316393913293138,0.028143759257815544,0.04567997911772383,0.020736453081403886,0.019511395310706673,0.03839716054611088,0.019055180627233027,0.04994642709964559,0.023660650845530765,0.020730205558918954,0.025783289817232376,0.01791258657750179,0.02790234479884263,0.049120015909316896,0.05917955615332885,0.026624068157614485,0.018444078183246133,0.03097213989330172,0.047416258819042774,0.025645295587010824,0.029953085528690002,0.020975724723073297,0.011835431147848957,0.02851063829787234,0.024833313370862777,0.04155374887082204,0.05692850838481906,0.00798233695652174,,0.03349876456352856,0.027337817313950966,0.05106176041497812,0.022742040285899934,0.02992021276595745,0.005052467936261173,0.028218558034270935,0.0172834299127118,0.012535963830661735,0.024110776772730182,0.0030042918454935624,0.02263653483992467,0.00998113322378431,0.033917867381510855,0.0463980463980464,0.03353114764730681,0.03813882532418002,0.048446069469835464,0.013140604467805518,0.025587440746215405,0.031746031746031744,0.007434944237918215,0.008987018750693443,0.02912965647544774,0.01522140221402214,0.023712781172799374,0.025175402393726783,0.009701492537313432,0.029811402984654966,0.025377964309262018
A4,0.02382654276864427,0.02344144344537887,0.04434604904632153,0.040195233993683605,0.0356279722460435,0.03563038371182459,0.027246806011062705,0.02590588621085424,0.06314154919636195,0.042477173481540294,0.0467114481167065,0.061034531760693476,0.023088125865711004,0.03600957354221062,0.021176657909402118,0.02933102500290545,0.03236551655563289,0.06254203093476798,0.03461128860489883,0.01891087685143192,0.040678719620628336,0.0669293840971207,0.0417985012489592,0.03428365211115121,0.024982323827480557,0.012774751080217922,0.04212765957446808,0.026270611250848404,0.05600722673893405,0.05383936451897617,0.019021739130434784,,0.04573445956541456,0.022998481232371446,0.06017182687631707,0.02696556205328135,0.09375,0.005635445005829771,0.031011962495958615,0.02863456319225409,0.009932867516098096,0.022866916048547153,0.005150214592274678,0.02369114877589454,0.015793317509585538,0.05260806433597677,0.03622303622303622,0.037001005285857896,0.04729214340198322,0.055758683729433274,0.022010512483574246,0.027014628676283195,0.03137192026080915,0.009913258983890954,0.01708643071119494,0.030982175532563768,0.006918819188191882,0.0271421141594071,0.026826248452331822,0.014925373134328358,0.042478261786434796,0.02893217778713962
A5,0.017869907076483203,0.010762531333681248,0.026021798365122615,0.03933390755096181,0.018866453574491307,0.02427564604541895,0.012971755837290128,0.006066568289883587,0.03220602173956884,0.009130607383882492,0.014691337674111926,0.014210601108426887,0.019018932713051596,0.019473455178416015,0.020778600429902077,0.01602005362059223,0.00979417321268768,0.010087424344317418,0.03017394391196308,0.010758492527902836,0.03208358032009484,0.019386003940761457,0.025811823480432972,0.023457235654998194,0.02545368842799906,0.011647567161375164,0.03787234042553191,0.015291252445402644,0.017163504968383016,0.011032656663724626,0.028702445652173912,0.0017761989342806395,0.011218526037406388,0.01648947711000217,0.03212838385475766,0.009421702404158544,0.004654255319148936,0.004858142246404975,0.023312856988899667,0.02420597080613218,0.014111522126318674,0.016643954013737344,0.006437768240343348,0.01672316384180791,0.01375448846692228,0.033917867381510855,0.03439153439153439,0.012420144631449232,0.03279938977879481,0.002742230347349177,0.01971090670170828,0.014017024313165809,0.022286355619688954,0.0055762081784386614,0.01597692222345501,0.011387460176514144,0.004151291512915129,0.012455034022450483,0.02311184482047049,0.015671641791044775,0.03412038436395077,0.016591138728543307
A6,0.0014295925661186562,0.0014971724828252927,0.013147138964577657,,0.0023388165588212363,0.025058731401722788,0.0027779137500611875,0.00024594195769798326,,0.0015879317189360857,0.0012775076238358196,0.0009236890720477476,0.00991338672704542,0.01838555265448216,0.010588328954701059,0.0027972476365661983,0.0022869643034702197,,0.009939652112176074,0.0029733526542260764,0.007928275044457617,,0.003996669442131557,0.003428365211115121,0.006834786707518265,0.010520383242532407,,0.002315646584421288,0.005420054200542005,,,,1.6952816074660203e-05,,0.0028205543848273625,0.0017327268789257093,,0.003303536727555383,0.006354132988468585,5.501357001393677e-05,0.0010960405535004796,0.001556655112176116,0.022317596566523604,0.006064030131826742,0.0015215142109427301,3.723146803678469e-05,0.012413512413512413,0.00220514317216331,0.008390541571319604,,0.009198423127463863,0.0011723329425556857,0.005397894286783176,0.0018587360594795538,0.0024409186730278486,0.00162272725983211,0.00046125461254612545,0.0023837385688900447,0.007428807263722658,0.0018656716417910447,1.4058666816625779e-05,0.0033810835337552895
B1,0.003812246842983083,0.007887960166656686,0.003337874659400545,0.008900373241458513,0.004209869805878226,0.0020882276168102325,0.0031450389152675117,0.011887194622069192,0.0004638312460927259,0.0011909487892020642,0.002678645017720267,0.0009236890720477476,0.004648364356791954,0.0034812880765883376,0.0036621288114003663,0.003388356556900746,0.0023863975340558813,0.0006724949562878278,0.0019524316648917288,0.0047409931086357755,0.004001185536455246,0.00019068200597470284,0.00466278101582015,0.003247924936845904,0.005892057506481263,0.0024422318241593085,,0.0009981235277677965,0.005420054200542005,0.001323918799646955,,,0.00034753272953053413,,0.0033716971956556977,0.00823045267489712,0.010638297872340425,,0.004922944282789094,0.0008710481918873322,0.0014385532264693795,0.005469328772510678,,0.0006026365348399247,0.008033595033777615,0.0006701664246621244,0.007529507529507529,0.004961572137367448,0.0007627765064836003,,0.000328515111695138,0.0006626229675314746,0.008658008658008658,0.0018587360594795538,0.012870298457783202,0.0026610457512631458,0.0023062730627306273,0.0027412993542235515,,0.00037313432835820896,0.0005693760060733441,0.003773751865354919
B2,0.011675005956635693,0.014638069246366148,0.00837874659400545,0.023830031581969568,0.018866453574491307,0.0036543983294179067,0.006449165402124431,0.024635186096081323,0.00500131082743461,0.03374354902739182,0.010755789994230611,0.0017052721330112265,0.010402589588788445,0.006201044386422976,0.006209696680200621,0.012289054265802646,0.009595306751516357,0.00941492938802959,0.0040823571175008875,0.01214119000475648,0.011707172495554238,0.0088984936121528,0.01032472939217319,0.04114038253338145,0.024982323827480557,0.003945143715949653,0.005957446808510639,0.004830917874396135,0.018970189701897018,0.0088261253309797,0.014945652173913044,,0.015270249079250177,0.0017357344326318074,0.006678554060625709,0.010396361273554255,0.016622340425531915,0.001165954139137194,0.012540144412113374,0.0057214112814494246,0.011371420742567475,0.01348674282264924,,0.0068926553672316385,0.010985332603006511,0.00420715588815667,0.012617012617012617,0.016830430975775853,0.0015255530129672007,0.0018281535648994515,0.0019710906701708277,0.005963606707783271,0.014937737159959382,0.004337050805452293,0.011095084877399313,0.0094271375601785,0.00922509225092251,0.010103800979499849,0.002888980602558811,0.0026119402985074628,0.00527902938964298,0.011136102739156174
B3,0.030736240171551108,0.03436652493433829,0.015735694822888283,0.016652311225954636,0.039993763155843146,0.012529365700861394,0.025386705174017327,0.046974913920314804,0.02137657047209954,0.045653036919412464,0.026250721173658616,0.013926389086258349,0.018705917855154717,0.010117493472584857,0.01329511981530133,0.026627954041782385,0.032017500248583075,0.03429724277067922,0.01703940362087327,0.025127484707365907,0.03356550088915234,0.019068200597470285,0.016486261448792672,0.052508119812342116,0.02733914683007306,0.012962615066691715,0.02553191489361702,0.02231804208088793,0.015356820234869015,0.03177405119152692,0.03226902173913043,,0.026891404498429746,0.005207203297895422,0.0105689739017669,0.018735109378384233,0.031914893617021274,0.013991449669646328,0.021170384739734885,0.020455879116848822,0.027127003699136867,0.023320559371484494,0.004721030042918455,0.021016949152542375,0.013845779319578845,0.012733162068580365,0.028083028083028084,0.02480786068683724,0.014492753623188406,0.010968921389396709,0.008541392904073587,0.011264590448035069,0.03826626048848271,0.06257744733581165,0.036502829246643734,0.02430970260402334,0.021678966789667898,0.02373445152342565,0.009079653322327692,0.011567164179104477,0.017425717519207653,0.023613481628748805
B4,0.031451036454610434,0.033759100669877744,0.018188010899182563,0.06689635371805915,0.031418102440165276,0.015531192900026103,0.027534387390474327,0.04763075914084276,0.04331780506987719,0.04406510520047638,0.026559795598780186,0.009521102742646014,0.020179149461783136,0.005221932114882507,0.01839025555290184,0.02391486428539941,0.01670478273839117,0.04774714189643578,0.019169329073482427,0.02433990022455007,0.03149081209247184,0.026949723511091338,0.019983347210657785,0.047997112955611695,0.03582370963940608,0.009768927296637234,0.06893617021276596,0.025711662075298437,0.04878048780487805,0.022506619593998235,0.04008152173913043,,0.036223929747530186,0.0056411369060533735,0.01186578051548063,0.02090101797704137,0.08710106382978723,0.010299261562378547,0.02307576247440457,0.028075258563779064,0.014043019591724893,0.022791918563706704,0.0038626609442060085,0.01909604519774011,0.0198405453106932,0.02397706541568934,0.023809523809523808,0.024191717741673963,0.010678871090770405,0.003656307129798903,0.010183968462549276,0.011162648453030225,0.04981027203249425,0.05390334572490706,0.025740596915566405,0.021648656852760198,0.0009225092250922509,0.02230962596974819,0.020635575732562937,0.011940298507462687,0.024750282930669686,0.024644566629299453
B5,0.012628067667381462,0.013568660330062368,0.010149863760217984,0.02555268446741315,0.017930926950962812,0.014095536413469069,0.013302168485975818,0.00971470732907034,0.010607618932381472,0.0111155220325526,0.007768070551388774,0.0015631661219269574,0.017019011435351186,0.007615317667536988,0.015763076188201577,0.011088802593665717,0.005071094759868748,0.0026899798251513113,0.01703940362087327,0.009389068946826985,0.01726437462951986,0.002415305409012903,0.020815986677768527,0.02435943702634428,0.033231204336554326,0.013150479053165508,0.006808510638297872,0.011618157863217151,0.00993676603432701,0.00706090026478376,0.009510869565217392,,0.0037931925967052203,0.0017357344326318074,0.005025125628140704,0.006172839506172839,0.0006648936170212766,0.013991449669646328,0.01426877896325035,0.014211838920266999,0.007398273736128237,0.013933069317797269,0.002575107296137339,0.01209039548022599,0.009828981802690036,0.00968018168956402,0.021774521774521775,0.008853001264714467,0.016781083142639208,,0.011169513797634692,0.004791273765227586,0.024343968788413235,0.014560099132589838,0.02784866304227227,0.006706516157767672,,0.009957526112772504,0.014444903012794058,0.015298507462686567,0.012498154799980317,0.01166631319303075
B6,0.0007147962830593281,0.0013945092268601298,0.013419618528610355,,0.000701644967646371,0.013181936831114592,0.0027840325028146264,0.0007378258730939498,,0.0015879317189360857,0.00032967938679634055,0.0002131590166264033,0.00860509708146446,0.005765883376849434,0.008279595573600827,0.0009457742725352762,0.0006960326140996321,,0.0033723819666311677,0.0021614326958176167,0.003927089508002371,,0.003996669442131557,0.004691447130999639,0.0073061513080367665,0.0069509674995303404,,0.0010779734099892202,0.0018066847335140017,,,,2.5429224111990305e-05,,0.000129680661371373,0.0010829542993285683,,0.007967353284104159,0.0026295937062183424,,0.00013700506918755994,0.0005597373258823637,0.0017167381974248926,0.0035028248587570623,0.0007911873896902197,,0.005291005291005291,0.0013620001945714563,0.006102212051868803,,0.005256241787122208,0.0010194199500484225,0.005344449788894233,0.0034076827757125155,0.004327083102185732,0.0005787348968632002,,0.0013489793264855026,0.005365249690466364,0.004477611940298508,1.4058666816625779e-05,0.0022466014832427045
C#2,0.002144388849177984,0.00979578567334263,0.001771117166212534,0.009761699684180305,0.001325329383332034,0.0023492560689115116,0.0058005776102599245,0.007747171667486473,0.0013108274346098777,,0.0030083244045166074,0.002131590166264033,0.0074542520350651615,0.00489556135770235,0.01369317729480137,0.004552540566102007,0.004424778761061947,0.0020174848688634837,0.003194888178913738,0.006889151908675597,0.0031861292234736218,0.00031780334329117144,0.01015820149875104,0.00018044027426921688,0.0014140938015555031,0.013526207026113094,,0.003992494111071186,0.0036133694670280035,0.00088261253309797,,,0.0007289710912103887,,0.0046685038093694274,0.008771929824561403,0.0026595744680851063,0.006218422075398368,0.005440241405323849,0.0005868114134819923,0.0027401013837511988,0.00494068796473289,0.004291845493562232,0.01615819209039548,0.006420789970178322,0.002904054506869206,0.0038665038665038664,0.004507572072510296,0.0015255530129672007,,0.0009855453350854138,0.0015801009225750548,0.005691839025172359,,0.004770886497281704,0.005211451007537738,0.006457564575645757,0.005764313266588653,0.0004127115146512588,0.00037313432835820896,0.0005623466726650311,0.005118394431371531
C#3,0.012866333095067906,0.020395766851745704,0.007493188010899182,0.0103359173126615,0.006470725812738754,0.007308796658835813,0.010560967252435263,0.015084440072142975,0.005747474136366387,0.004366812227074236,0.01570098079617572,0.002628961205058974,0.012634929084328452,0.004677980852915578,0.022211607356102222,0.015539151448116666,0.010241622750323158,0.07464694014794888,0.0056798012069577564,0.015915401037576188,0.009854771784232365,0.0041950041314434625,0.023646960865945046,0.012269938650306749,0.0032995522036295072,0.015404846890851025,,0.011737932686549287,0.022583559168925023,0.01323918799646955,0.0005095108695652174,0.046181172291296625,0.015299916507380832,0.0008678672163159037,0.010601394067109741,0.013861815031405674,0.0026595744680851063,0.008161678973960357,0.011354671839637892,0.003970145969339103,0.0663789560213728,0.010539890430503854,0.009871244635193134,0.029077212806026365,0.01037672691862942,0.007781376819688,0.005291005291005291,0.012063430294775756,0.0015255530129672007,,0.012483574244415242,0.009837402517967277,0.003046336379669713,0.0040272614622057,0.011982691667591257,0.01592939434258269,0.019833948339483393,0.011691154162874355,0.002888980602558811,0.0029850746268656717,0.0037255467064058316,0.01289842129536786
C#4,0.03002144388849178,0.034443522376312166,0.017643051771117167,0.012632787826586276,0.01216184610587043,0.02701644479248238,0.037783298252484214,0.03660436137071651,0.025309052775929174,0.026994839221913456,0.025900436825187504,0.01314480602529487,0.025247366083059525,0.009029590948651,0.03279993631080328,0.02542369485154149,0.03231579994034006,0.06186953597848016,0.024139155129570464,0.029850779288297956,0.0268968583283936,0.010487510328608656,0.034970857618651124,0.011367737278960665,0.01366957341503653,0.045275220740184106,,0.03213957759412305,0.028906955736224028,0.03486319505736982,0.002717391304347826,0.010657193605683837,0.020784152507533408,0.0008678672163159037,0.01954935970173448,0.024907948884557073,0.0006648936170212766,0.03964244073066459,0.017601034594245068,0.014899508545441208,0.04349910946705028,0.015778739127651206,0.04721030042918455,0.04090395480225989,0.015975899214898667,0.017908336125693435,0.008547008547008548,0.02046243149463307,0.02669717772692601,0.005484460694698354,0.03088042049934297,0.011519445435547174,0.007722729944952167,0.0405824039653036,0.021968268057250637,0.031041751183711448,0.048892988929889296,0.02590148658605296,0.022286421791167972,0.008955223880597015,0.014185194817975411,0.02414369208262338
C#5,0.018822968787228972,0.030585095006288126,0.014986376021798364,0.050244042492104506,0.011538161690184767,0.01918559122944401,0.03130965783934603,0.02926709296606001,0.035634339645471594,0.03215561730845574,0.02340723646254018,0.01605797925252238,0.022278410784205307,0.008594429939077459,0.04665233659740466,0.021756815786415314,0.017450531967783633,0.0699394754539341,0.023251686190983317,0.026587613242923355,0.03023117960877297,0.015063878472001526,0.030141548709408827,0.021111512089498376,0.015319349516851285,0.02273154236332895,,0.031181379007465964,0.04697380307136405,0.038834951456310676,0.004755434782608696,0.003552397868561279,0.025975952430398096,0.0008678672163159037,0.02437996433781812,0.02230885856616851,0.0006648936170212766,0.02681694520015546,0.01892876387541761,0.018099464534585198,0.033634744485545966,0.016018365237751173,0.03133047210300429,0.030018832391713747,0.028178443186659363,0.023641982203358277,0.007733007733007733,0.01465771637967377,0.02364607170099161,,0.023981603153745073,0.00948060553545033,0.007963230185452407,0.02385377942998761,0.01886164429157883,0.02492248073011379,0.023985239852398525,0.02291097819962727,0.03714403631861329,0.014552238805970149,0.01900028820266974,0.022597064581797405
C#6,0.01334286395044079,0.0097872304020122,0.00837874659400545,0.012058570198105082,0.0035861853901925627,0.01644479248238058,0.014923637965637084,0.006066568289883587,0.004194647790751608,,0.004677326300173082,0.0014210601108426886,0.019590606555318347,0.009029590948651,0.04840378950720484,0.007480032541047004,0.007208909217460475,,0.009584664536741214,0.008674490890789022,0.014152341434499111,,0.011823480432972523,0.007398051245037893,0.014612302616073533,0.026676686079278603,,0.013414780213199185,0.011743450767841012,,0.00016983695652173913,,0.00021191020093325254,,0.005576268438969039,0.011371020142949967,,0.0384764865915274,0.01051837482487337,0.003850949900975574,0.018906699547883273,0.008043022947401154,0.016738197424892704,0.018681732580037663,0.006451220254397176,0.007483525075393723,0.01098901098901099,0.004248143464020495,0.016781083142639208,,0.015111695137976347,0.0034660278301646362,0.006840895729784619,0.006195786864931847,0.01808498835016088,0.0073533375130853664,0.012453874538745387,0.007042863953538769,0.01692117210070161,0.006343283582089552,0.0050189440535354036,0.009351181106906298
C2,0.002144388849177984,0.0036787666720850053,0.0031335149863760217,0.0002871088142405972,0.011460201138224059,0.0036543983294179067,0.003983308042488619,0.0029922938186587966,0.0028031540524734305,0.0003969829297340214,0.002678645017720267,0.004760551371323007,0.004509663162274775,0.0030461270670147957,0.0035029058196003504,0.0056746456352116574,0.004275628915183454,,0.006922257720979766,0.004391447186487174,0.0011855364552459987,0.00177969872243056,0.0038301415487094087,0.0005413208228076507,0.007777515908555267,0.0015029118917903438,0.005531914893617021,0.0021160218788677286,0.0018066847335140017,0.000441306266548985,0.004076086956521739,,0.0014791332025141026,0.0017357344326318074,0.005997730588426001,0.017002382499458523,0.00997340425531915,0.001165954139137194,0.00871214570535618,0.004181031321059195,0.0004110152075626798,0.010514281533241264,0.0008583690987124463,0.0016195856873822976,0.005051427180329865,0.005584720205517703,0.006512006512006512,0.0071018581574083086,0.0015255530129672007,,0.0022996057818659658,0.004179621795198532,0.007535674202340869,,0.002995672916897814,0.005097973576780248,0.0018450184501845018,0.004464092229012265,,0.0007462686567164179,0.002938261364674788,0.005375203848486291
C3,0.01334286395044079,0.007297646444856999,0.013692098092643051,0.004019523399368361,0.03508224838231855,0.004176455233620465,0.0069386656223995305,0.006394490900147565,0.007179301026478714,0.013100436681222707,0.00995219648891453,0.00802898962626119,0.0084439038013499,0.010661444734551785,0.009155322028500916,0.01901968092140856,0.010142189519737495,0.00605245460659045,0.01437699680511182,0.01419421921838877,0.004371665678719621,0.025297146125977246,0.007327227310574521,0.019487549621075424,0.016026396417629037,0.0037572797294758596,0.02893617021276596,0.005988741166606779,0.004516711833785004,0.006619593998234775,0.03736413043478261,0.04262877442273535,0.018457378501286294,0.03883705793013669,0.009888150429567191,0.01949317738791423,0.015292553191489361,0.005052467936261173,0.01709666989977368,0.015376292818895328,0.0027401013837511988,0.022782772528970065,0.0030042918454935624,0.006553672316384181,0.00952467896050149,0.015748910979559924,0.013431013431013432,0.02059214579887797,0.006102212051868803,0.029250457038391225,0.012812089356110381,0.018298588103369182,0.013788680455347122,0.0009293680297397769,0.01031842893598136,0.01651947698252164,0.008302583025830259,0.012937199323885061,0.008666941807676434,0.004850746268656716,0.014656160156332376,0.014956984422633277
C4,0.03335715987610198,0.01785485126660792,0.03160762942779292,0.002871088142405972,0.051687845949949324,0.013834507961367789,0.028250281462626658,0.014469585177898016,0.01788775283844556,0.05200476379515681,0.025879831863512733,0.04241864430865425,0.018143615715220208,0.017188859878154918,0.012180558872701218,0.032048122277392385,0.05071094759868748,0.007397444519166106,0.039048633297834576,0.027899516608962092,0.010299347954949615,0.0335600330515477,0.01781848459616986,0.018224467701190905,0.01791185481970304,0.018410670674431712,0.04127659574468085,0.03090190441969098,0.008130081300813009,0.008384819064430714,0.06555706521739131,0.056838365896980464,0.029828479883364626,0.04556302885658494,0.014232452585508187,0.035196014728178474,0.032579787234042555,0.019821220365332296,0.027546071774975752,0.043259003887625616,0.009658857377722976,0.030064845386282776,0.018454935622317595,0.026290018832391713,0.014393524435518227,0.027662980751331025,0.031746031746031744,0.03323929046275578,0.034324942791762014,0.061243144424131625,0.03055190538764783,0.030582598501452674,0.030089252311474534,0.017967781908302356,0.0113169865749473,0.03540495839633695,0.05488929889298893,0.029710050708620466,0.024762690879075525,0.01791044776119403,0.0393712964199605,0.028468574270100987
C5,0.021443888491779844,0.020079221812519785,0.021934604904632154,0.01636520241171404,0.03648553831761129,0.011224223440355,0.023752998188849184,0.011723233316937203,0.03664266844132535,0.012306470821754664,0.018214786120497817,0.03943441807588461,0.01792056919971285,0.015013054830287207,0.015763076188201577,0.028757949914038735,0.022521626727652382,0.0006724949562878278,0.041001064962726305,0.02561861885114432,0.008224659158269117,0.04665353079514396,0.014154870940882597,0.022915914832190545,0.02215413622436955,0.018410670674431712,0.10170212765957447,0.025192637840859185,0.005420054200542005,0.01412180052956752,0.05604619565217391,0.07460035523978685,0.04144539709852553,0.04816663050553265,0.01595072134867888,0.029239766081871343,0.05651595744680851,0.019821220365332296,0.029054855049035457,0.04777928555710408,0.011165913138786135,0.02852831155052727,0.030042918454935622,0.02120527306967985,0.02035786014241373,0.03972597639524927,0.022588522588522588,0.027467003923857702,0.02288329519450801,0.029250457038391225,0.03318002628120893,0.02711657067128804,0.02725669392336059,0.016728624535315983,0.013314101852879175,0.02923178616312948,0.0470479704797048,0.024845056993022148,0.02311184482047049,0.025746268656716417,0.044087979136938446,0.027684680356436082
C6,0.00976888253514415,0.006946880320309359,0.008174386920980926,0.002871088142405972,0.013799017697045295,0.009658052727747325,0.010603798521709335,0.0027463518609608132,0.006856635811805513,,0.003770707986483145,0.00817109563734546,0.01376328204513037,0.007615317667536988,0.011384443913701138,0.011341276234215387,0.007159192602167645,,0.027511537096201633,0.01091556696127341,0.004890337877889745,0.0019703807284052626,0.012489592006661115,0.010104655359076146,0.014140938015555032,0.02216795040390757,0.005106382978723404,0.012935680919870643,0.0018066847335140017,0.00353045013239188,0.016134510869565216,0.003552397868561279,0.0024751111469003893,0.02495118246908223,0.006840654887339925,0.009529997834091402,0.0013297872340425532,0.018460940536338902,0.015225778639939649,0.021051859458666472,0.0054802027675023976,0.014917182655459726,0.023605150214592276,0.01209039548022599,0.01156350800316475,0.012956550876801072,0.018925518925518924,0.009598858514122646,0.02669717772692601,,0.022010512483574246,0.014628676283194862,0.014830848164181497,0.004646840148698885,0.007655608565405526,0.008059734519550743,0.017988929889298892,0.00836475534174143,0.015270326042096575,0.019402985074626865,0.015260682829447283,0.011381610618251839
C7,0.002382654276864427,0.0008298613190517337,0.0013623978201634877,,0.000701644967646371,0.005873140172278779,0.0034693328111997652,0.00016396130513198886,,,0.00012362977004862772,0.0005684240443370755,0.0053549907126429885,0.004134029590948651,0.0038213518032003822,0.0012964321066320417,0.001044048921149448,,0.006922257720979766,0.0025552249372255346,0.0008150563129816242,,0.001498751040799334,0.0027066041140382533,0.003535234503888758,0.01653203080969378,,0.0009581985866570847,,,,,4.238204018665051e-06,,3.242016534284325e-05,0.0005414771496642842,,0.005052467936261173,0.0022804181485073824,,0.0004110152075626798,0.0005304700147251159,0.030042918454935622,0.002335216572504708,0.0007911873896902197,7.446293607356939e-05,0.005087505087505087,0.0023348574764082107,0.006102212051868803,,0.005913272010512484,0.003669911820174321,0.003073058628614184,0.0024783147459727386,,0.0008170375014539295,0.0018450184501845018,0.0008884843756771985,0.003714403631861329,0.0026119402985074628,7.0293334083128896e-06,0.0018135361646812028
D#1,0.0002382654276864427,0.0026008024844507943,0.00027247956403269756,,0.00015592110392141577,,0.0012115130451808703,0.0009427775045089359,,,,,0.0005716738422667524,0.00293733681462141,0.001990287397500199,1.8033831467833656e-05,,,0.0001774937877174299,0.0008008583785936307,,,0.0028309741881765195,,0.0011784115012962526,0.0009393199323689649,,0.0008384237633249491,,,,,6.357306027997576e-05,,0.0011022856216566705,0.00205761316872428,,0.000194325689856199,0.0013320400905269965,,0.00047951774215645977,0.00010243558905036722,,0.00041431261770244823,0.0035907735378248435,,,0.0008107144015306288,,,0.005913272010512484,0.0006116519700290534,0.0003741114852225963,,,0.0003234106776588471,0.00046125461254612545,0.002676288302344732,,0.0007462686567164179,,0.0006153326764013787
D#2,0.0035739814152966403,0.008093286678587011,0.0026566757493188013,0.003158196956646569,0.0024947376627426523,0.0016966849386583138,0.005506877478094865,0.004426955238563699,0.00038316494242442574,0.0003969829297340214,0.001524767163933075,0.004121074321443797,0.007928460173076598,0.015121845082680592,0.0044582437704004454,0.004077649670782388,0.0018892313811275728,,0.001597444089456869,0.008307246440936694,0.0013337285121517487,0.00025424267463293714,0.007993338884263113,0.0012630819198845183,0.0028281876031110063,0.007138831486004133,,0.004351818581067593,,,,,0.0016571377712980347,,0.0030799157075701088,0.005847953216374269,0.0006648936170212766,0.0025262339681305867,0.0056169845888565575,0.0021822049438861586,0.013632004384162214,0.007905832426351555,0.002575107296137339,0.0035028248587570623,0.01935366076319153,0.004877322312818794,0.002035002035002035,0.006518143788306256,,,0.012483574244415242,0.009888373515469697,0.0018705574261129816,0.004956629491945477,0.011095084877399313,0.005146201484852181,0.007380073800738007,0.007692974472326962,0.004127115146512587,0.008208955223880597,0.0018627733532029158,0.005860448608540212
D#3,0.01501072194424589,0.015964136302582838,0.007833787465940054,0.005455067470571347,0.014110859904888126,0.004829026363873662,0.011760242792109257,0.00909985243482538,0.00244015568596608,0.0031758634378721714,0.007252946509519492,0.006963194543129174,0.013215974628927447,0.018059181897302,0.007961149590000795,0.017372590980679756,0.016505916277219847,0.012777404169468728,0.0051473198438054665,0.024147428735772043,0.008521043272080616,0.004258564800101697,0.009159034138218152,0.006856730422230242,0.007541833608296017,0.015404846890851025,,0.01221703197987783,0.004516711833785004,,0.0005095108695652174,0.047957371225577264,0.016512042856719037,0.0297244521588197,0.0037283190144269734,0.007472384665367121,0.0006648936170212766,0.015157403808783521,0.012966914538204548,0.013652534291791975,0.0458281956432388,0.01968958358103844,0.010300429184549357,0.011638418079096045,0.017801716268029944,0.00793030269183514,0.006512006512006512,0.015306287900898271,0.009916094584286803,0.024680073126142597,0.024967148488830485,0.03037871451144299,0.004943616054727166,0.04770755885997522,0.020858759569510707,0.01901881739495536,0.048892988929889296,0.013874441988471374,0.0020635575732562937,0.011194029850746268,0.008723402759716297,0.01605371452699697
D#4,0.02811532046700024,0.0307476451615663,0.01430517711171662,0.004593741027849555,0.023622047244094488,0.020099190811798485,0.03715918547163346,0.02910313166092802,0.00820779639824954,0.013100436681222707,0.015062226984257809,0.031973852493960495,0.024120887462724054,0.04036118363794604,0.00971260249980097,0.025239349018759193,0.022074177190016905,0.01546738399462004,0.010649627263045794,0.033793126334303064,0.016449318316538234,0.004067882794126994,0.016319733555370523,0.019487549621075424,0.01366957341503653,0.035506293443546874,,0.028865732423044677,0.009033423667570008,,0.002547554347826087,0.007104795737122558,0.02073753226332809,0.01692341071816012,0.00797536067433944,0.014294996751137101,,0.025845316750874467,0.018954628731544347,0.025489620773124038,0.035758323057953144,0.02527415239123078,0.030901287553648068,0.029001883239171376,0.034325360598867996,0.013031013812874642,0.007529507529507529,0.02347828906832701,0.019832189168573607,0.021937842778793418,0.047634691195795005,0.03501707528416331,0.011116455560900006,0.07744733581164807,0.032397647842005994,0.030931110688722896,0.07333948339483395,0.029742556234559875,0.029302517540239374,0.03582089552238806,0.01809350419299738,0.02579203342562121
D#5,0.025256135334762925,0.02516960825412578,0.007833787465940054,0.008326155612977318,0.016683558119591487,0.01592273557817802,0.026408536883841597,0.014059681915068043,0.010647952084215621,0.04009527590313616,0.010137641143987472,0.021671166690351,0.020801430496643993,0.02175805047867711,0.01560385319640156,0.019177977886515103,0.008501541215074078,0.010087424344317418,0.014909478168264111,0.02790615355685099,0.012596324836988738,0.005021292824000509,0.014654454621149043,0.020750631540959942,0.019797313221777045,0.018222806687957917,,0.02080089431868088,0.004516711833785004,,0.00577445652173913,0.007104795737122558,0.021852179920237,0.04816663050553265,0.005932890257740315,0.0102880658436214,,0.030897784687135638,0.01884685849768294,0.027066676446856893,0.02274284148513495,0.021006612583114592,0.03733905579399142,0.016271186440677966,0.029760817966039802,0.016158457127964557,0.007733007733007733,0.016506145215163602,0.031273836765827616,0.010968921389396709,0.03843626806833114,0.021203934961007188,0.006974506974506974,0.04863692688971499,0.01420170864307112,0.020057135886386395,0.041051660516605165,0.024097429896415723,0.04209657449442839,0.048507462686567165,0.022254869570718608,0.02123943726997162
D#6,0.00881582082439838,0.005894581946666438,0.0020435967302452314,0.002583979328165375,0.004209869805878226,0.03393369877316627,0.010664986049243722,0.0021724872929988525,0.0004436646701756509,0.004763795156808257,0.0017514217423555592,0.0027000142106011083,0.018719038238419857,0.019364664926022627,0.013135896823501313,0.004803010447599697,0.003977329223426469,,0.005857294994675187,0.007966549782639956,0.006446354475400118,,0.004163197335553705,0.007939372067845544,0.013198208814518029,0.03156114972759722,,0.008464087515470915,,,0.00016983695652173913,,0.00017800456878393212,0.007810804946843133,0.0014589074404279462,0.0030322720381199915,,0.024679362611737272,0.007492186658045048,0.002704833859018558,0.004521167283189478,0.0075838920036218295,0.028755364806866954,0.009491525423728813,0.00952467896050149,0.004430544696377378,0.007936507936507936,0.007555858222265461,0.019832189168573607,,0.022996057818659658,0.007441765635353484,0.004088504088504088,0.00929368029739777,0.014756462886941085,0.004510727872610237,0.012453874538745387,0.006902006674467993,0.012794056954189021,0.025373134328358207,0.00253056002699264,0.007579244220465594
D2,0.0030974505599237552,0.004577070161780181,0.012193460490463215,0.014929658340511054,0.0017930926950962814,0.009527538501696685,0.003940476773214548,0.007337268404656501,0.006675136628551838,,0.008283194593258056,0.01058689782577803,0.006434610821317249,0.01816797214969539,0.0076427036064007645,0.005235822402827705,0.00576712737396838,0.0013449899125756557,0.004437344692935747,0.004391447186487174,0.006890930646117368,0.004258564800101697,0.01298917568692756,0.0023457235654998194,0.007070469007777516,0.0013150479053165509,0.002553191489361702,0.0036730945821854912,0.03432700993676603,0.00529567519858782,0.0008491847826086956,,0.002992172037177526,0.0008678672163159037,0.020100502512562814,0.008771929824561403,0.02327127659574468,0.000194325689856199,0.008074145920896648,0.002044671018851317,0.0014385532264693795,0.0071375655084738015,0.0008583690987124463,0.004632768361581921,0.0076380013389325055,0.0059198034178487655,0.006919006919006919,0.009534001362000194,0.0030511060259344014,0.010968921389396709,0.0009855453350854138,0.006575258677812325,0.00825717492384159,,0.002995672916897814,0.005929195757078864,0.0018450184501845018,0.0064631820742859615,0.0004127115146512588,,0.002551648027217579,0.005752242393463768
D3,0.013581129378127233,0.011207405442863621,0.029087193460490463,0.012345679012345678,0.01543618928822016,0.013051422605063952,0.007917666062949729,0.015494343334972946,0.019460745759977412,0.009130607383882492,0.028311217341135744,0.01925536450191843,0.011285403948485626,0.021866840731070498,0.01249900485630125,0.02070283852507304,0.02088097842298896,0.01882985877605918,0.011892083777067802,0.013543798325276817,0.016819798458802607,0.042649208669675205,0.01765195670274771,0.012630819198845183,0.018618901720480793,0.0016907758782641368,0.0225531914893617,0.012935680919870643,0.016260162601626018,0.030450132391879964,0.022418478260869564,0.0017761989342806395,0.027607660977584138,0.029073551746582774,0.033684551791214136,0.013753519601472818,0.03590425531914894,0.003109211037699184,0.015893954089880376,0.011653707914618939,0.017057131113851213,0.02308825008917384,0.0017167381974248926,0.008060263653483992,0.011076623455663076,0.01515320749097137,0.012006512006512007,0.021759574537082077,0.016018306636155607,0.06764168190127971,0.005584756898817346,0.030174830521433306,0.015659237881460102,0.0006195786864931846,0.009208920448241429,0.0207578590213139,0.0032287822878228783,0.017905127204958175,0.012381345439537762,0.0033582089552238806,0.015288800163080535,0.017600822944334394
D4,0.03478675244222063,0.024091644066491568,0.05892370572207085,0.022107378696525983,0.02432369221174086,0.03719655442443226,0.032202995741348085,0.04574520413182489,0.051646600923629174,0.02143707820563716,0.056581224758921946,0.06153190279948842,0.022344012700531,0.03818537859007833,0.014170846270201418,0.032474922955464454,0.04389977130356965,0.02824478816408877,0.027866524671636493,0.02023162948132252,0.05105216360403082,0.060191953219347866,0.0321398834304746,0.014976542764345001,0.01791185481970304,0.007326695472477926,0.020425531914893616,0.06304148201381403,0.04607046070460705,0.0736981465136805,0.034986413043478264,,0.035215237191087906,0.03883705793013669,0.05718917166477549,0.025557721464154214,0.07446808510638298,0.008938981733385153,0.02454143765491971,0.040911758233697644,0.011302918207973694,0.029812414827551516,0.0017167381974248926,0.023653483992467042,0.02014484815288175,0.04009829107561711,0.025030525030525032,0.03356357622336803,0.03585049580472922,0.07952468007312614,0.017739816031537452,0.036546205209235946,0.03706375928598151,0.0201363073110285,0.011649839121269278,0.03762344216764588,0.006918819188191882,0.034195813288259005,0.04416013206768469,0.024626865671641792,0.04039054976416587,0.030978718001618766
D5,0.029544913033118896,0.01896703653956385,0.04237057220708447,0.05254091300602928,0.023310205036251655,0.023492560689115115,0.018962014782906652,0.03139858993277587,0.06515820678806945,0.019849146486701073,0.035935053160801124,0.052437118090095214,0.01785309294292071,0.024369016536118365,0.016240745163601623,0.02702069081597076,0.019737496271253853,0.03227975790181574,0.027334043308484202,0.01872504231054279,0.04008595139300534,0.06546748871798132,0.03663613655287261,0.014254781667268134,0.016733443318406788,0.006387375540108961,0.13702127659574467,0.04335848604623308,0.057813911472448055,0.07458075904677847,0.055876358695652176,0.0053285968028419185,0.04093681261628572,0.06639184204816663,0.049894634462635756,0.017760450508988522,0.06316489361702128,0.009521958802953751,0.024752667313288068,0.04674319665517494,0.005617207836689958,0.026933243092457267,0.005150214592274678,0.018041431261770245,0.02385734282758201,0.04452883577199449,0.02035002035002035,0.027240003891429127,0.03279938977879481,0.026508226691042046,0.022339027595269383,0.03629135022172384,0.0392015392015392,0.01486988847583643,0.02130256296460668,0.02444587552093233,0.0027675276752767526,0.026172365968881377,0.03342963268675196,0.041044776119402986,0.052502091226688974,0.027470912967096174
D6,0.014772456516559448,0.005338489310188472,0.019209809264305176,0.004306632213608958,0.008887502923520698,0.018794048551292093,0.006730628028782613,0.0029922938186587966,0.005848307015951761,,0.007355971317893349,0.012576381980957795,0.014468034060514957,0.020234986945169713,0.013374731311201338,0.00868829924939186,0.007258625832753306,,0.013312034078807242,0.006869241065008904,0.018375815056312982,,0.0231473771856786,0.005052327679538073,0.012019797313221777,0.008641743377794477,,0.01461252844652054,0.01084010840108401,,0.004585597826086957,,0.00014409893663461172,0.023432414840529398,0.013519208947965634,0.006389430366038553,,0.008744656043528955,0.012682401120810432,0.009609036895767623,0.010138375119879436,0.010876464508812205,0.006437768240343348,0.01160075329566855,0.010072424076440874,0.012360847388212517,0.01973951973951974,0.007523429646204235,0.02288329519450801,,0.015111695137976347,0.016412661195779603,0.01648762759873871,0.006195786864931847,0.0018861644291578831,0.005214287943306676,,0.008158887010791835,0.01692117210070161,0.019029850746268655,0.010951701450151482,0.009136932801054938
D7,0.0016678579938050988,0.00037643193853893075,0.003542234332425068,,0.0005457238637249552,0.006264682850430697,0.0021660384747173135,0.00016396130513198886,,,0.0003090744251215693,0.00035526502771067214,0.005298760498649538,0.011205395996518711,0.005652416208900566,0.0005390111849830282,0.0022869643034702197,,0.001774937877174299,0.0011282811411125737,0.0012596324836988738,,0.0016652789342214821,0.00036088054853843375,0.0028281876031110063,0.00882960736426827,,0.0007585738811035253,,,,,8.476408037330102e-06,,0.00022694115739990274,0.0023824994585228505,,0.0027205596579867857,0.0011639185257032007,,,8.414351957708735e-05,0.007296137339055794,0.0017325800376647835,0.0010954902318787657,7.446293607356939e-05,0.004273504273504274,0.0010052858578979797,0.0015255530129672007,,0.00492772667542707,0.004026708802691269,0.0027523916412805303,0.0012391573729863693,,0.00040284487918909026,0.00046125461254612545,0.0006338577558184891,0.0024762690879075525,0.0018656716417910447,1.4058666816625779e-05,0.0013150662005623837
E1,0.0009530617107457708,0.001967712405998956,0.0019754768392370573,,0.00031184220784283154,0.0005220569042025581,0.0010646629790983407,0.0013936710936219051,,0.0003969829297340214,0.0005357290035440534,0.0005684240443370755,0.0009015577643616652,,0.006130085184300613,9.818419354709435e-05,9.943323058566172e-05,,0.0001774937877174299,0.0007610366912602457,0.0006668642560758743,,0.0028309741881765195,0.0009022013713460845,0.003063869903370257,0.00037572797294758596,,0.00011977482333213559,,,,,7.204946831730586e-05,,0.0011671259523423569,0.002599090318388564,0.0026595744680851063,,0.0031813773035887487,,0.0015755582956569394,0.00014816576273356686,,0.00026365348399246707,0.001612805063599294,0.00014892587214713877,0.0002035002035002035,0.0023348574764082107,,,,0.00010194199500484225,0.0009352787130564908,0.0006195786864931846,0.012537445911461222,0.0004539097230299609,,0.0020586833094959475,,,,0.0007860580379664349
E2,0.008339289969025495,0.009051477067595199,0.006471389645776567,0.014642549526270457,0.008029936851952912,0.003262855651265988,0.003891526751187038,0.0075422200360714875,0.004174481214834533,0.007542675664946407,0.0062639083491304705,0.003907915304817394,0.007941580556341737,0.002393385552654482,0.013852400286601386,0.007229562659549315,0.004126479069304962,0.00605245460659045,0.0033723819666311677,0.006694468103934604,0.0038529934795494963,0.0013983347104811544,0.01032472939217319,0.024900757849151932,0.025689370728258307,0.0018786398647379298,0.003404255319148936,0.002635046113306983,0.004516711833785004,0.001323918799646955,0.003736413043478261,,0.0042933006709076965,0.0008678672163159037,0.008623763981196304,0.013212042451808534,0.015957446808510637,0.000388651379712398,0.011807306821855804,0.0021730360155505024,0.005274695163721058,0.006623558356274637,0.00042918454935622315,0.0030131826741996233,0.006846813949242286,0.0032763691872370526,0.014448514448514449,0.01196614456659208,0.0038138825324180014,,0.000657030223390276,0.0026504918701258985,0.01467051467051467,0.0037174721189591076,0.018195939198934873,0.005838413812472872,0.012453874538745387,0.006419841373033416,0.015683037556747832,0.00037313432835820896,0.002368885358601444,0.006688586841258597
E3,0.019776030497974745,0.018462275531068467,0.013760217983651226,0.015216767154751652,0.027831917049972715,0.010310623858000523,0.01067110480199716,0.015412362682406953,0.015790428943069756,0.07066296149265582,0.02631253605868293,0.01008952678698309,0.013626455191079639,0.010443864229765013,0.01791258657750179,0.02260841338350746,0.017102515660733817,0.02824478816408877,0.01597444089456869,0.0160503523113171,0.012151748666271488,0.027331087523040743,0.019650291423813488,0.04005774088776615,0.02733914683007306,0.0026300958106331017,0.019148936170212766,0.01589012656206332,0.012646793134598013,0.03927625772285966,0.02768342391304348,0.007104795737122558,0.02954875841813273,0.0060750705142113256,0.024801426487275086,0.020684427117175656,0.022606382978723406,0.004469490866692577,0.024731113266515788,0.00982909117582337,0.03151116591313879,0.019596294026724713,0.0008583690987124463,0.011111111111111112,0.009615969813158055,0.009345098477232958,0.03317053317053317,0.025521289360184194,0.041189931350114416,0.019195612431444242,0.006241787122207621,0.012844691370610123,0.026054192720859386,0.009603469640644362,0.01708643071119494,0.01817341053581206,0.011992619926199263,0.017493390543058988,0.028064382996285598,0.0026119402985074628,0.014768629490865381,0.018507110110163545
E4,0.027877055039313797,0.03114118764276609,0.02186648501362398,0.03215618719494689,0.03531613003820067,0.030670843121900288,0.030238876107494247,0.03484177734054763,0.04759311916429709,0.056768558951965066,0.04353828401879172,0.023660650845530765,0.022707634751021985,0.010117493472584857,0.02308733381100231,0.03189784034849377,0.04255742269066322,0.0242098184263618,0.03354632587859425,0.025165094078736325,0.03956727919383521,0.03724655183372529,0.023813488759367195,0.04745579213280404,0.036295074239924584,0.010896111215479993,0.026382978723404255,0.03142092865413024,0.023486901535682024,0.056045895851721095,0.04398777173913043,0.02664298401420959,0.03548648224828247,0.0030375352571056628,0.04149781163883936,0.03140567468052848,0.05518617021276596,0.011659541391371939,0.03069296260372885,0.028542873908897527,0.030072612686669407,0.024114435186624837,,0.020338983050847456,0.021331629237417077,0.020440075952194794,0.05474155474155474,0.03369329052761293,0.034324942791762014,0.0283363802559415,0.011498028909329829,0.01493450226820939,0.04641654641654642,0.04244114002478315,0.03306335293464995,0.03048287483723081,0.03782287822878229,0.028241884453690462,0.04209657449442839,0.006716417910447761,0.030303456323236867,0.028760250134295937
E5,0.023111746485584943,0.02061820390633689,0.018460490463215257,0.06316393913293138,0.033367116239182974,0.018533020099190813,0.016508394928777717,0.020536153467781603,0.054671587311190435,0.05637157602223104,0.024602324239676916,0.013500071053005542,0.020091055459860063,0.0059834638816362055,0.018549478544701854,0.023353811750844583,0.010738788903251466,0.020174848688634835,0.03727369542066028,0.01917635476698782,0.03534380557202134,0.035212610436661795,0.02214820982514571,0.04204258390472754,0.039123261843035585,0.008078151418373097,0.11148936170212766,0.02443406395975566,0.03071364046973803,0.06796116504854369,0.07540760869565218,0.012433392539964476,0.031027891620646834,0.007810804946843133,0.029016047981844706,0.027507039202945636,0.020611702127659573,0.008744656043528955,0.027761612242698568,0.03571297586738062,0.02000274010138375,0.020927956684379488,0.0030042918454935624,0.01480225988700565,0.01573245694114783,0.02565248147734465,0.061660561660561664,0.021078574439796348,0.03737604881769641,0.004570383912248629,0.01445466491458607,0.011621387430552016,0.043477099032654586,0.026332094175960347,0.025518695218018417,0.017484035143960304,0.00507380073800738,0.018858622632514196,0.03714403631861329,0.010074626865671642,0.04048193109847393,0.023304492770141624
E6,0.008101024541339052,0.005732031791388264,0.007970027247956403,0.008613264427217916,0.008107897403913619,0.018533020099190813,0.006443046649370992,0.003074274471224791,0.0009478290681025268,0.0011909487892020642,0.003894337756531773,0.001136848088674151,0.014349950611128709,0.009682332463011313,0.012976673831701297,0.006504201882732005,0.00517052799045441,,0.010117145899893504,0.005968828468081812,0.012522228808535863,,0.008992506244796004,0.015156983038614218,0.020740042422814048,0.00939319932368965,,0.00730626422326027,0.0036133694670280035,,0.0018682065217391305,,0.00016105175270927192,,0.007035175879396985,0.007364089235434265,,0.010493587252234746,0.014587778855480116,0.004529450597814127,0.0030826140567200987,0.007382679239415752,0.0017167381974248926,0.009265536723163843,0.006512080822834885,0.004244387356193455,0.037444037444037445,0.004831857833122548,0.02593440122044241,,0.011826544021024968,0.008868953565421275,0.02111057666613222,0.0055762081784386614,0.021746366359702653,0.0037390813434593027,0.0027675276752767526,0.00577514844190179,0.011555922410235245,0.002238805970149254,0.002671146695158898,0.007318347013003501
F#1,0.0016678579938050988,0.004731065045727925,0.0004768392370572207,0.005742176284811944,0.0006236844156856631,0.00026102845210127906,0.002881932546869646,0.010247581570749302,2.016657591707504e-05,0.0003969829297340214,0.0014011373938844474,0.0002131590166264033,0.0031863787929622264,0.005004351610095736,0.0022291218852002227,0.0014587365898425446,0.00019886646117132345,0.0033624747814391394,0.0012424565140220093,0.001803037509817152,0.0008891523414344991,6.356066865823429e-05,0.0018318068276436303,0.0010826416456153013,0.003535234503888758,0.0011271839188427579,,0.0003193995288856949,0.0018066847335140017,,,,5.085844822398061e-05,,0.0002917814880855892,0.0034654537578514186,,0.000971628449280995,0.001974350684340985,0.00022005428005574708,0.0002055076037813399,0.0011030117892387756,0.00042918454935622315,0.0007909604519774011,0.002251841032195241,0.00029785174429427754,,0.0020105717157959595,,,0.000657030223390276,0.0007645649625363168,0.001282667949334616,,0.0075446577166315325,0.001753226305203224,,0.002004507432930265,,,0.00014761600157457068,0.0017406773131963971
F#2,0.008339289969025495,0.01607535482987843,0.002997275204359673,0.018662072925638817,0.0040539487019568094,0.004698512137823023,0.0069386656223995305,0.025332021642892277,0.0036703168169076573,0.0111155220325526,0.0067790323909997525,0.0012789540997584197,0.007388650118739469,0.008920800696257615,0.005652416208900566,0.007053231862974941,0.0038778959928408075,0.04572965702757229,0.0019524316648917288,0.009568266539827218,0.008298755186721992,0.0014618953791393885,0.006827643630308077,0.0063154095994225916,0.004949328305444261,0.0035694157430020664,,0.004032419052181898,0.013550135501355014,0.000441306266548985,0.0005095108695652174,,0.0042975388749263614,0.0008678672163159037,0.00398768033716972,0.006714316655837124,0.0026595744680851063,0.004858142246404975,0.007595646082551999,0.0014028460353553876,0.011097410604192354,0.006892451777531851,0.0012875536480686696,0.0039548022598870055,0.007516280202057087,0.0034252950593841917,0.002849002849002849,0.00882057268865324,0.0015255530129672007,0.0009140767824497258,0.001314060446780552,0.008512156582904327,0.004222115333226444,0.0024783147459727386,0.010873183179851326,0.008133494849543111,0.0018450184501845018,0.007562952368569323,0.0008254230293025176,0.0029850746268656717,0.001658922684361842,0.007129346824003313
F#3,0.02215868477483917,0.026050801201160094,0.014509536784741144,0.021820269882285387,0.016059873703905825,0.026755416340381102,0.01847863331538499,0.03447286440400066,0.012866275435093876,0.06470821754664549,0.020254677326300173,0.007673724598550519,0.016340500186496878,0.01588337684943429,0.011782501393201179,0.018338402843734846,0.019240330118325544,0.04572965702757229,0.008342208022719205,0.02062984635465637,0.028304682868998222,0.01423758977944448,0.018984179850124894,0.020931071815229157,0.012255479613481028,0.019725718579748263,0.001276595744680851,0.01589012656206332,0.02710027100271003,0.03000882612533098,0.002717391304347826,,0.023458459243311053,,0.012319662830280435,0.007797270955165692,0.00997340425531915,0.01729498639720171,0.01548011639185257,0.007041736961783907,0.030004110152075627,0.015069006832087948,0.01587982832618026,0.027645951035781543,0.00687724423346114,0.014818124278640307,0.004884004884004884,0.022051431721633104,0.004576659038901602,0.015539305301645339,0.005256241787122208,0.016922371170803814,0.018732296510074287,0.008674101610904586,0.03128813935426606,0.018110997948895438,0.005535055350553505,0.020586833094959477,0.0033016921172100704,0.013059701492537313,0.009011605429457125,0.017605872567704628
F#4,0.03335715987610198,0.03775441238118867,0.01927792915531335,0.05254091300602928,0.028611522569579793,0.03484729835552075,0.03938641147388516,0.056730611575668145,0.03277068586524694,0.03850734418420008,0.023159976922442923,0.02280801477902515,0.022383373850326415,0.02741514360313316,0.01440968075790144,0.023211544858153896,0.029034503331013223,0.0605245460659045,0.017216897408590698,0.024932800902624914,0.056461173681090694,0.0155723638212674,0.027976686094920898,0.02309635510645976,0.015790714117369785,0.026488822092804808,0.005106382978723404,0.03150077853635166,0.07588075880758807,0.04280670785525154,0.006283967391304348,,0.026916833722541736,0.0008678672163159037,0.016988166639649863,0.013536928741607104,0.05851063829787234,0.023319082782743878,0.01715702123073607,0.01657742243086628,0.02377037950404165,0.01671346387773581,0.030472103004291845,0.04493408662900188,0.03417320917777372,0.016865855020663463,0.0026455026455026454,0.027369718195674027,0.013729977116704805,0.021937842778793418,0.008869908015768726,0.018298588103369182,0.027817861151194483,0.027261462205700124,0.030622434261622103,0.025733844360029845,0.011531365313653136,0.027938499544922637,0.014857614527445316,0.013805970149253732,0.018135680193447256,0.024067707273814146
F#5,0.02215868477483917,0.0209604147595541,0.013555858310626704,0.05885730691932242,0.018554611366648478,0.018141477421038894,0.021244309559939303,0.01942941465814068,0.025470385383265775,0.02143707820563716,0.01283689112338251,0.01186585192553645,0.019914867456013913,0.01860313315926893,0.021574715388902158,0.01430283211304407,0.007954658446852938,0.0363147276395427,0.01632942847000355,0.017621096645022843,0.043123888559573206,0.013093497743596262,0.025478767693588675,0.02147239263803681,0.019325948621258544,0.01897426263385309,0.008085106382978723,0.02251766678644149,0.02710027100271003,0.009267431597528684,0.010529891304347826,,0.01643999338840173,0.002603601648947711,0.010536553736424056,0.009313406974225688,0.007978723404255319,0.02876020209871745,0.015682724431512016,0.01798026846622167,0.014454034799287573,0.01255018886561731,0.051072961373390555,0.02512241054613936,0.03974195118982411,0.02096131650470978,0.004273504273504274,0.015565716509388072,0.015255530129672006,0.002742230347349177,0.011498028909329829,0.016616545185789287,0.023168189834856502,0.014560099132589838,0.023299678242538556,0.012757700152910839,0.00507380073800738,0.018067654834655226,0.023937267849773007,0.027238805970149254,0.023105418913124467,0.01703646741814681
F#6,0.007624493685966166,0.0036531008580937144,0.004836512261580382,0.0017226528854435831,0.0028845404225461917,0.01931610545549465,0.008040041118018502,0.0018855550090178719,6.049972775122512e-05,0.0055577610162763,0.0014835572405835324,0.0008526360665056132,0.013309691652249864,0.023389904264577894,0.013056285327601306,0.0031438979525590005,0.0022869643034702197,,0.008164714235001775,0.00428746833622778,0.015856550088915233,,0.005162364696086595,0.007398051245037893,0.012255479613481028,0.028179597971068945,,0.006427915518824609,0.0036133694670280035,,,,4.2382040186650504e-05,,0.001556167936456476,0.002599090318388564,,0.020598523124757094,0.0057290656320724215,5.501357001393677e-05,0.0008220304151253596,0.002383456652368366,0.01587982832618026,0.017099811676082863,0.009555109244720346,,0.004273504273504274,0.004086000583714369,0.002288329519450801,,0.008541392904073587,0.0026504918701258985,0.011437122548233659,0.0030978934324659233,0.00854321535559747,0.0021787666705438123,0.0013837638376383763,0.0033480691717591993,0.005777961205117622,0.004850746268656716,,0.004740874969882604
F#7,0.0002382654276864427,0.0001368843412868839,0.0006130790190735695,,,0.0028713129731140694,0.0004833814675216604,4.0990326282997215e-05,,0.0011909487892020642,,,0.0013157870074467547,0.0036988685813751088,0.0036621288114003663,4.007518103963034e-06,0.00014914984587849258,,0.0003549875754348598,1.1061579814829155e-05,0.0012596324836988738,,0.00033305578684429644,0.0010826416456153013,0.0007070469007777516,0.0011271839188427579,,0.00015969976444284745,,,,,4.238204018665051e-06,,,0.00021659085986571366,,0.0025262339681305867,0.00017674318353270828,,,1.8292069473279859e-06,0.01630901287553648,0.0015065913370998117,0.00015215142109427303,,,0.0004540000648571521,0.0030511060259344014,,0.002956636005256242,5.0970997502421125e-05,0.0011757789535567313,0.0006195786864931846,,,,6.50110518788194e-05,0.006190672719768881,,,0.0002897521981491447
F1,0.0007147962830593281,0.0027376868257376783,0.0029291553133514985,,0.00514539642940672,0.0010441138084051162,0.0014195506387977876,0.0022544679455648465,,,0.0013187175471853622,0.00014210601108426886,0.0020374080870293764,0.0005439512619669277,0.003980574795000398,0.0008215412113124221,0.002137814457591727,,0.0005324813631522897,0.0011481919847792662,0.00014819205690574984,,0.0026644462947543715,0.00036088054853843375,0.0009427292010370022,0.0007514559458951719,,0.00023954964666427118,,,,,4.6620244205315553e-05,,0.0018803695898849085,0.015269655620532813,,0.000777302759424796,0.003763336566440349,0.000779358908530771,0.00013700506918755994,0.002235290889634799,0.0008583690987124463,0.0008286252354048965,0.002464853021727223,0.0006329349566253397,0.000407000407000407,0.0023997146285306614,0.0007627765064836003,,0.000657030223390276,0.0005097099750242112,0.0002405002405002405,,0.0007766559414179519,0.0009787428402833532,,0.002486672734364842,,,0.0003444373370073316,0.0015437420017572689
F2,0.00881582082439838,0.0069212145063180675,0.00994550408719346,0.0022968705139247776,0.007562173540188665,0.0028713129731140694,0.0034142640364188165,0.006968355468109526,0.00252082198963438,,0.00754141597296629,0.004547392354696604,0.007144985858101181,0.004242819843342037,0.009075710532600907,0.00812123543768109,0.008103808292731432,,0.007277245296414625,0.008112562636195702,0.0017783046828689982,0.0034322761075446513,0.01015820149875104,0.005232767953807289,0.004949328305444261,0.0031936877700544804,0.003404255319148936,0.0021958717610891525,0.0009033423667570009,0.003971756398940865,0.003736413043478261,0.003552397868561279,0.004119534306142429,0.009329572575395965,0.007780839682282379,0.02014294996751137,0.0026595744680851063,0.0025262339681305867,0.011009807091281389,0.0036767402625981077,0.004932182490752158,0.011229501449646505,0.004291845493562232,0.005160075329566855,0.009859412086908891,0.013515022897352843,0.008750508750508751,0.011155430165061452,0.004576659038901602,0.0018281535648994515,0.005584756898817346,0.007339823640348642,0.0019774464218908663,0.0006195786864931846,0.003883279707089759,0.008167538078770359,0.0009225092250922509,0.009551207038529883,0.011968633924886504,0.008955223880597015,0.004301952045887489,0.0077013970143741135
F3,0.014534191088873005,0.015416598937435301,0.026634877384196187,0.002583979328165375,0.020113822405862635,0.010832680762203081,0.01276371824367321,0.011436301032956222,0.009195958618186218,0.008733624454148471,0.026910079947251298,0.013642177064089812,0.014904755389197426,0.011314186248912098,0.018231032561101822,0.022488187840388568,0.026648105796957342,0.005379959650302623,0.01987930422435215,0.019740495337544108,0.005631298162418494,0.025233585457319012,0.019816819317235636,0.009202453987730062,0.014140938015555032,0.01897426263385309,0.017872340425531916,0.00794506328103166,0.007226738934056007,0.026037069726390114,0.016134510869565216,0.0497335701598579,0.023615272792001662,0.049685398134085484,0.02087858648079105,0.022850335715832792,0.003324468085106383,0.021958802953750484,0.02010561482918418,0.016733294212572435,0.02411289217701055,0.023124834228120398,0.02575107296137339,0.016911487758945385,0.011350496013632767,0.033992330317584425,0.017297517297517297,0.020981288711612672,0.02135774218154081,0.037477148080438755,0.022010512483574246,0.013864111320658545,0.006386617497728609,0.004646840148698885,0.024076334183956508,0.02227278272192639,0.01014760147601476,0.02265093399211199,0.02269913330581923,0.015298507462686567,0.023014037578816402,0.01980269919201217
F4,0.023350011913271386,0.02614490918579483,0.041485013623978204,0.016078093597473444,0.02463553441958369,0.017227877838684416,0.034638259337216704,0.020864076078045583,0.024542722891080324,0.011512504962286622,0.04347646913376741,0.03232911752167117,0.022282159465138205,0.011096605744125326,0.020221319958602022,0.03064949845910929,0.06458188326538729,0.02488231338264963,0.03745118920837771,0.02525801134918089,0.01037344398340249,0.033750715057522404,0.02597835137385512,0.015517863587152653,0.008720245109592269,0.03250046965996618,0.013191489361702127,0.026550085838623387,0.02077687443541102,0.018976169461606355,0.020720108695652172,0.08703374777975133,0.03231630564232101,0.044695161640269036,0.03242016534284325,0.04212692224388131,0.006648936170212766,0.03381267003497863,0.026209720875094298,0.03895877649820289,0.02301685162351007,0.027368594345921326,0.045493562231759654,0.034990583804143126,0.032864706956362975,0.044826687516288766,0.02197802197802198,0.02428900346985764,0.02135774218154081,0.04021937842778794,0.03318002628120893,0.022580151893572556,0.012639623750734862,0.00929368029739777,0.01597692222345501,0.03383045904457677,0.02029520295202952,0.03077731547696442,0.035905901774659514,0.024626865671641792,0.03583554171557911,0.028898032714826608
F5,0.017155110793423873,0.016357678783782626,0.019482288828337874,0.004880849842090152,0.01730724253527715,0.010180109631949883,0.01786675804004112,0.006845384489260534,0.030552362514368686,0.0031758634378721714,0.01623670979971977,0.015915873241438113,0.019738679452167767,0.007180156657963447,0.019186370511901918,0.018719117063611335,0.015909316893705876,0.011432414256893073,0.034788782392616256,0.02081125626361957,0.006594546532305868,0.023962372084154325,0.02331390507910075,0.014254781667268134,0.015790714117369785,0.0240465902686455,0.03914893617021276,0.019882620673134507,0.007226738934056007,0.032215357458075904,0.06402853260869565,0.04262877442273535,0.02370851328041229,0.046864829681058796,0.02045712433133409,0.023175222005631362,0.005319148936170213,0.028371550719005052,0.022937816575061967,0.03554793515733881,0.01589258802575695,0.021965117023514457,0.07081545064377683,0.01672316384180791,0.024161645669770554,0.04545962247291411,0.03866503866503866,0.013749716249959465,0.02745995423340961,0.010968921389396709,0.022339027595269383,0.018298588103369182,0.010448399337288226,0.005266418835192069,0.009763674692111394,0.016913811054403916,0.017066420664206643,0.02272136263164738,0.044572843582335944,0.03917910447761194,0.03933614975291893,0.021338025154819047
F6,0.005480104836788182,0.004944946828988681,0.0057901907356948225,,0.004677633117642473,0.02949621508744453,0.004919477213764747,0.0008607968519429415,0.00022183233508782545,,0.0024107805159482402,0.0022026431718061676,0.012314416864565782,0.008376849434290687,0.012578616352201259,0.004221920322525057,0.009545590136223525,,0.009229676961306355,0.006294038914637788,0.0017042086544161233,,0.005162364696086595,0.003608805485384338,0.0056563752062220125,0.02592523013338343,,0.006427915518824609,,,0.0006793478260869565,,9.324048841063111e-05,0.004339336081579518,0.005997730588426001,0.005198180636777128,,0.022736105713175282,0.008832848367280956,0.0030257463507665223,0.0026030963145636386,0.00646624655880443,0.027896995708154508,0.009378531073446328,0.007607571054713651,0.007073978926989091,0.01811151811151811,0.003632000518857217,0.011441647597254004,,0.013797634691195795,0.004383505785208216,0.0037411148522259632,0.0006195786864931846,0.001997115277931876,0.0037050381142320556,0.005996309963099631,0.0051087851601438914,0.01361947998349154,0.007462686567164179,0.002038506688410738,0.00590685705189522
G#1,0.002144388849177984,0.003704432486076296,0.00040871934604904634,0.001435544071202986,0.0016371715911748656,0.0036543983294179067,0.006871359342111704,0.004344974585997705,,,0.0010302480837385641,,0.003428168713134066,0.0027197563098346387,0.009234933524400923,0.002737134865006753,0.0015412150740777568,0.0013449899125756557,0.002129925452609159,0.0030839684523743683,0.0011114404267931238,,0.003164029975020816,,0.0011784115012962526,0.006575239526582754,,0.0015171477622070507,0.0009033423667570009,,,,0.00016952816074660202,,0.001815529259199222,0.009638293264024258,,0.005635445005829771,0.0023709451449509646,0.0004492774884471503,0.0008905329497191396,0.0038175548990735065,0.0008583690987124463,0.007306967984934087,0.008307467591747306,0.00018615734018392346,0.0038665038665038664,0.003015857573693939,,,0.0009855453350854138,0.0015801009225750548,0.0007749452193896639,0.0018587360594795538,0.007433706867857539,0.0029589240070015577,0.0032287822878228783,0.0021345295366879038,,0.00037313432835820896,0.0003514666704156445,0.0028371669593043637
G#2,0.0045270431260424114,0.012824351724314937,0.0030653950953678476,0.005455067470571347,0.004833554221563889,0.004567997911772383,0.008321503744676686,0.007665191014920479,0.0009276624921854518,,0.0048627709552460235,0.0018473781440954953,0.009872151236783557,0.004677980852915578,0.01679802563490168,0.009806396800397545,0.0080540916774386,0.005379959650302623,0.004437344692935747,0.014441998606240944,0.0038529934795494963,0.00044492468060764,0.016319733555370523,0.0027066041140382533,0.005892057506481263,0.015592710877324816,,0.009821535513235119,0.004516711833785004,0.00176522506619594,,,0.006200492479306969,,0.0034041173609985413,0.013536928741607104,,0.02137582588418189,0.008906132126306714,0.003300814200836206,0.01863268940950815,0.009597848852629941,0.002145922746781116,0.019133709981167608,0.034873105714807374,0.002643434230611713,0.008547008547008548,0.008593572656224666,,,0.005913272010512484,0.0118252714205617,0.0014964459408903852,0.02942998760842627,0.009208920448241429,0.01192931490838116,0.01937269372693727,0.009491613574307632,0.0016508460586050352,0.0018656716417910447,0.002242357357251812,0.009570959952639341
G#3,0.01929949964260186,0.025588816549316863,0.012670299727520436,0.004880849842090152,0.018086848054884228,0.009266510049595406,0.01892530226638602,0.01750286932283981,0.008248129550083692,0.0023818975784041284,0.01539190637105415,0.006465823504334233,0.021586779152085858,0.008268059181897302,0.024122283257702413,0.023932898116867243,0.030724868250969473,0.016812373907195696,0.012247071352502662,0.032452462860745775,0.010892116182572614,0.0032415941015699486,0.016319733555370523,0.012630819198845183,0.015083667216592034,0.03700920533533721,0.003404255319148936,0.020880744200902305,0.024390243902439025,0.00794351279788173,,0.0497335701598579,0.02074600867136542,0.003471468865263615,0.0038579996757983465,0.02295863114576565,,0.029148853478429847,0.018226101950641234,0.01499119782879777,0.04760926154267708,0.020430412394706277,0.011158798283261802,0.026967984934086628,0.015123851256770739,0.008749394988644403,0.020757020757020756,0.018484288354898338,0.008390541571319604,0.0018281535648994515,0.01806833114323259,0.012182068403078648,0.003233392122281011,0.0523543990086741,0.027515810495950293,0.02709273659335079,0.07656826568265683,0.01922701859316084,0.008254230293025175,0.028731343283582088,0.009503658768039026,0.02155155208590323
G#4,0.021920419347152727,0.03617168718505907,0.014168937329700272,0.043353430950330174,0.013954938800966711,0.012268337248760116,0.035127759557491804,0.023774389244138383,0.016435759372416158,0.021040095275903135,0.01856507046896893,0.014494813130595424,0.023704783879172516,0.007724107919930374,0.026192182151102618,0.0242194356613006,0.021626727652381425,0.02757229320780094,0.01597444089456869,0.0346714157716005,0.02030231179608773,0.004830610818025806,0.019816819317235636,0.022915914832190545,0.028281876031110063,0.031185421754649632,,0.028825807481933963,0.007226738934056007,0.01588702559576346,0.0005095108695652174,0.10301953818827708,0.02556060843656892,0.002603601648947711,0.0044739828173123684,0.030972492960797054,0.004654255319148936,0.030314807617567042,0.02139454682616661,0.02109770410034475,0.03164817098232635,0.02127916441826646,0.014163090128755365,0.02768361581920904,0.028269734039315927,0.01809449346587736,0.011192511192511193,0.020851574407367773,0.02517162471395881,,0.026938239159001315,0.010296141495489066,0.0036342258564480787,0.07744733581164807,0.02629535115943637,0.029041711466610685,0.06826568265682657,0.021155679798899145,0.021873710276516713,0.016417910447761194,0.013362762809202804,0.0246289368426773
G#5,0.018822968787228972,0.017392866614764687,0.005994550408719346,0.01119724375538329,0.006938489124503002,0.011354737666405637,0.020020559009251555,0.006640432857845549,0.010526952628713171,0.007145692735212386,0.006882057199373609,0.003907915304817394,0.021048843438215177,0.005004351610095736,0.03327760528620333,0.013569456300018835,0.007954658446852938,0.008742434431741762,0.01792687255946042,0.019413072575025166,0.012892708950800236,0.0007627280238988114,0.016153205661948375,0.012811259473114399,0.01791185481970304,0.033627653578808946,0.000851063829787234,0.023875114784205693,0.0018066847335140017,0.00176522506619594,0.0008491847826086956,0.014209591474245116,0.008955325091439252,0.0017357344326318074,0.004214621494569622,0.014836473900801386,0.0006648936170212766,0.0378935095219588,0.01699321047526673,0.017604342404459766,0.02013974517057131,0.0151311998682971,0.020600858369098713,0.017476459510357815,0.019140648773659546,0.012398078856249302,0.017297517297517297,0.009728572818367545,0.019832189168573607,,0.021681997371879105,0.008767011570416433,0.003954892843781733,0.02385377942998761,0.03195384444691002,0.01307543695903181,0.031826568265682656,0.013446452563602478,0.02311184482047049,0.04029850746268657,0.011000906784009673,0.015403274945259678
G#6,0.005003573981415297,0.0035162165168068304,0.006130790190735695,,0.0008575660715677867,0.014356564865570347,0.0069814968916736015,0.0007378258730939498,,,0.0004120992334954257,0.0002842120221685377,0.013071650413010921,0.004677980852915578,0.016877637130801686,0.002274266523999022,0.0024361141493487123,,0.004437344692935747,0.004433481189783525,0.0031120331950207467,,0.003996669442131557,0.003969686033922772,0.008013198208814519,0.03080969378170205,,0.00622829081327105,,,,,5.933485626131071e-05,,6.48403306856865e-05,0.0018410223088585662,,0.02506801399144967,0.004780687574092036,,0.0014385532264693795,0.0021310260936371036,0.00815450643776824,0.006553672316384181,0.0024344227375083685,,0.007122507122507123,0.002756428965204138,0.0038138825324180014,,0.010512483574244415,0.0015801009225750548,0.001924001924001924,0.0037174721189591076,0.019860201930544767,0.0016397488744457336,0.006457564575645757,0.0022808044034152474,0.004539826661163846,0.0033582089552238806,,0.004069515519897199
G1,0.0011913271384322134,0.001967712405998956,0.003542234332425068,0.0011484352569623888,0.0023388165588212363,0.0024797702949621507,0.004436095746243086,0.002951303492375799,0.0006251638534293262,,0.0016690018956564742,0.002913173227227512,0.0021311251103517947,0.0073977371627502175,0.0019106759016001911,0.00219211240286778,0.0008948990752709556,,0.006567270145544906,0.0017919759300023229,0.0009632483698873741,0.0009534100298735143,0.0036636136552872607,0.00018044027426921688,0.0018854584020740043,0.0009393199323689649,0.000425531914893617,0.0007585738811035253,,,,,0.00017376636476526707,,0.004700923974712271,0.007147498375568551,0.006648936170212766,0.000194325689856199,0.003345188059058088,0.0011736228269639845,0.0005480202767502398,0.004262052187274207,,0.003314500941619586,0.009037794412999817,0.0004467776164414163,0.000814000814000814,0.0026915718130816877,,,0.000328515111695138,0.002956317855140425,0.003527336860670194,,0.0025518695218018418,0.002731969145486577,,0.002562518961556798,,,0.0009208426764889886,0.002484414698155156
G2,0.004765308553728854,0.006211126985892357,0.009400544959128065,0.008613264427217916,0.01722928198331644,0.006264682850430697,0.005555827500122375,0.008362026561731432,0.008933793131264243,0.008733624454148471,0.00865408390340394,0.013073753019752736,0.006252799796071757,0.01642732811140122,0.00390096329910039,0.0115677010070893,0.007556925524510291,,0.01632942847000355,0.01033151554705043,0.005038529934795495,0.01201296637640628,0.011323896752706078,0.003428365211115121,0.015555031817110534,0.0009393199323689649,0.017872340425531916,0.009981235277677965,0.0018066847335140017,0.00441306266548985,0.022078804347826088,,0.009035850967793888,0.007810804946843133,0.013032906467822986,0.014294996751137101,0.013297872340425532,0.002137582588418189,0.010815820670330855,0.0068675273234064405,0.012193451157692835,0.016691513394367873,,0.0025235404896421848,0.01831903109975047,0.004989016716929149,0.005698005698005698,0.011998573142653306,,0.02376599634369287,0.002628120893561104,0.018196646108364342,0.014029180695847363,0.0003097893432465923,0.00854321535559747,0.01103000626962805,0.0013837638376383763,0.009285745243358038,0.0012381345439537762,0.0018656716417910447,0.008596874758366664,0.010282235473075168
G3,0.023588277340957826,0.014398521649114102,0.026975476839237057,0.006316393913293138,0.037654946597021906,0.013181936831114592,0.015168388075774634,0.022298737497950482,0.023151229152802145,0.015482334259626836,0.02888815626802934,0.03751598692624698,0.014636724702495309,0.022193211488250653,0.005015524241700501,0.03115244198115665,0.035398230088495575,0.0033624747814391394,0.02875399361022364,0.022030242359213744,0.017190278601066984,0.050340049577321556,0.017485428809325562,0.03482497293395886,0.030403016733443318,0.0035694157430020664,0.04,0.017726673853156065,0.018970189701897018,0.03927625772285966,0.06929347826086957,0.04440497335701599,0.03216796850166773,0.040789759166847475,0.02934024963527314,0.017543859649122806,0.018617021276595744,0.012631169840652934,0.019355534001508783,0.03330154771510306,0.012878476503630634,0.03341595251378765,0.00042918454935622315,0.008851224105461394,0.015306432962083866,0.01310547674894821,0.0115995115995116,0.025391575055939294,0.009153318077803204,0.07952468007312614,0.024638633377135347,0.0364442632142311,0.03583453583453584,0.0080545229244114,0.011982691667591257,0.027742394884437423,0.014760147601476014,0.024601265548476574,0.008254230293025175,0.01791044776119403,0.034366411033241714,0.025261342055235184
G4,0.031212771026923995,0.021824497163927554,0.029291553133514985,0.017800746482917025,0.033834879550947224,0.01905507700339337,0.03052033873415243,0.033571077225774716,0.04706878819045314,0.03374354902739182,0.03834583367674936,0.0738951257638198,0.018136118353354415,0.02567449956483899,0.005015524241700501,0.032400783870541135,0.03629312916376653,0.0033624747814391394,0.03319133830315939,0.025196066502217847,0.030898043864848845,0.062480137291044305,0.019816819317235636,0.030313966077228437,0.020975724723073297,0.0069509674995303404,0.0374468085106383,0.029863855950812472,0.04155374887082204,0.03442188879082083,0.07982336956521739,0.10657193605683836,0.04044518095012058,0.03276198741592536,0.034884097908899334,0.025557721464154214,0.11236702127659574,0.01340847260007773,0.020657398426554587,0.05450011002714003,0.010617892862035896,0.031175174003310865,0.0008583690987124463,0.019887005649717515,0.03548171139918447,0.029189470940839197,0.013431013431013432,0.032071861724551676,0.017543859649122806,0.0740402193784278,0.0259526938239159,0.05239818543248891,0.05413927636149858,0.024163568773234202,0.014423610340619106,0.03171410496094958,0.017066420664206643,0.030013435617388288,0.014857614527445316,0.016791044776119403,0.04722306183704599,0.030382621985675422
G5,0.015725518227305217,0.011532505753419969,0.013419618528610355,0.043640539764570774,0.027364153738208465,0.014356564865570347,0.014446375250868863,0.012092146253484178,0.0380543287555206,0.02262802699483922,0.013661089590373363,0.029060679266732982,0.015948763029009168,0.02012619669277633,0.004776689754000477,0.018416549446762125,0.011633687978522423,0.004034969737726967,0.024316648917287895,0.017902060772319504,0.01970954356846473,0.03743723383969999,0.012656119900083264,0.020750631540959942,0.02215413622436955,0.007326695472477926,0.059574468085106386,0.019203896674252405,0.008130081300813009,0.011915269196822596,0.07625679347826086,0.028419182948490232,0.01965255203454984,0.03124321978737253,0.02305073755876155,0.01602772363006281,0.021941489361702128,0.014185775359502526,0.018747709882530446,0.04603718917332942,0.011850938484723935,0.024761974445978947,0.0012875536480686696,0.011789077212806027,0.016675795751932322,0.027365129007036748,0.01628001628001628,0.015306287900898271,0.012204424103737605,0.010054844606946984,0.01806833114323259,0.030735511493959936,0.033990700657367326,0.011771995043370507,0.012204593365139243,0.014624403888871552,0.010608856088560886,0.0167565986217657,0.014857614527445316,0.03656716417910448,0.044896352478894425,0.020315115734963064
G6,0.0026209197045508697,0.0021559283752684215,0.0029291553133514985,,0.0037421064941139783,0.014095536413469069,0.004338195702188066,0.0011887194622069192,8.066630366830016e-05,0.007145692735212386,0.001380532432209676,0.0033394912604803183,0.009525398250490608,0.018929503916449087,0.0033436828278003345,0.003991488031547183,0.0018892313811275728,,0.008164714235001775,0.004813999535413648,0.008002371072910491,,0.002497918401332223,0.005052327679538073,0.00824888050907377,0.007702423445425512,,0.004591368227731864,,,,,6.357306027997576e-05,0.0008678672163159037,0.003242016534284325,0.0036820446177171324,,0.007384376214535562,0.005798038581743723,0.00022005428005574708,0.0006850253459377997,0.0036931688266552036,0.0008583690987124463,0.00704331450094162,0.004686263769703609,0.00029785174429427754,0.007936507936507936,0.003891429127347018,0.0030511060259344014,,0.012812089356110381,0.007288852642846221,0.012185345518678852,0.004337050805452293,0.005436591589925663,0.002198625220926373,0.0032287822878228783,0.004491180167295107,0.004127115146512587,0.004477611940298508,1.4058666816625779e-05,0.004248176003901195
A#0,,0.00038498720986936103,,,,,0.0003732439179597631,,,,,,5.8104554459899426e-05,0.00032637075718015666,0.0035029058196003504,,,,,1.5486211740760817e-05,0.00014819205690574984,,,,,,,,,,,,,,0.0005511428108283353,,,,0.00015518913676042676,,,3.6584138946559717e-06,,,,,,0.00042157148879592694,,,,0.0003058259850145267,,,,5.673871537874511e-06,,0.0012352099856975686,,0.0007462686567164179,,0.00011998866960699022
A#7,,2.5665813991290735e-05,,,,,0.00012849380782221353,,,,,,1.6869064198035316e-05,,0.0005572804713000557,,,,,,,,,,,,,,,,,,,,9.726049602852975e-05,0.00010829542993285683,,0.000388651379712398,,,,,,,,,,,,,0.0016425755584756898,,,,,,,9.209899016166082e-05,,,,1.635116138932933e-05
A0,,8.555271330430245e-05,,,,0.0005220569042025581,9.790004405501983e-05,0.00016396130513198886,,,,,4.6858511661209215e-05,,0.002706790860600271,4.007518103963034e-06,,,,,0.00014819205690574984,,,,,,,,,,,,,,0.0004863024801426487,,,,3.0175665481194095e-05,,,,,,,,,0.0004540000648571521,,,0.000657030223390276,,0.000160333493666827,,,,,0.00028171455814155074,,,,4.640844335500824e-05
A7,,0.00011121852729559318,,,,0.00039154267815191856,7.95437857947036e-05,,,,,,0.00022117217504090747,0.0007615317667536989,0.0007165034631000717,4.007518103963034e-06,,,0.0005324813631522897,,7.409602845287492e-05,,0.00016652789342214822,,0.00023568230025925054,,,0.00011977482333213559,,,,,,,9.726049602852975e-05,0.00010829542993285683,,0.000194325689856199,0.00012932428063368897,,,,,0.00015065913370998117,,,,3.242857606122515e-05,0.0015255530129672007,,0.0022996057818659658,,0.00021377799155576933,,,,,5.959346422225112e-05,0.005777961205117622,,,6.155731346571041e-05
B0,,0.0011378510869472225,,,,,0.00021415634637035586,0.0014756517461878996,,,,,9.184268285597006e-05,,0.0005572804713000557,,,,,6.636947888897492e-06,0.0008891523414344991,,,,0.00447796370492576,,,,,,,,,,0.0002917814880855892,,,,0.00011639185257032008,,,,,,,,,0.0005512857930408276,,,,,0.0002405002405002405,,0.004438033950959725,1.1347743075749022e-05,,0.0003196376717375287,,,,0.00011037033937797296
B7,,5.988689931301171e-05,,,,,2.4475011013754957e-05,,,,,,1.8743404664483685e-05,,0.0002388344877000239,,,,0.0001774937877174299,,,,0.00016652789342214822,,,,,,,,,,,,,,,,,,,,,,,,,,0.0007627765064836003,,0.0009855453350854138,,0.00010688899577788467,,,,,5.4175876565682834e-06,,,,8.416038950390096e-06
C#1,,0.0015228382968165836,0.00013623978201634878,,,,0.005543589994615497,0.001147729135923922,,,,,0.0003430043053600514,0.0005439512619669277,0.005254358729400526,,,,0.0001774937877174299,0.00042697698085240535,0.0005927682276229994,,0.0011656952539550376,,,0.0009393199323689649,,0.00011977482333213559,,,,,1.2714612055995152e-05,,0.000778083968228238,0.0015161360190599957,,0.000582977069568597,0.00044401336350899883,,,9.146034736639929e-06,,0.0011299435028248588,9.129085265656382e-05,,,0.0009080001297143042,,,0.000328515111695138,,0.00026722248944471166,,0.000998557638965938,0.0006751907130070668,,0.0012731330992935466,,,,0.0005508898638669631
C#7,,0.0006074242644605474,0.0010899182561307902,,0.00031184220784283154,0.008613938919342208,0.002582113661951148,0.0003689129365469749,,,0.0002678645017720267,,0.009268613606587182,0.005330722367275892,0.015683464692301568,0.0006732630414657898,0.001044048921149448,,0.0010649627263045794,0.0014601285355574484,0.0012596324836988738,,0.0006661115736885929,0.0012630819198845183,0.0032995522036295072,0.014841254931429645,,0.000878348704435661,,,,,1.2714612055995152e-05,,0.0002917814880855892,0.001299545159194282,,0.013602798289933929,0.0010345942450695118,,0.0002740101383751199,6.58514501038075e-05,0.006008583690987125,0.003465160075329567,0.00027387255796969143,,0.0018315018315018315,0.0007458572494081785,0.0038138825324180014,,0.005584756898817346,0.00015291299250726336,0.0024851691518358184,0.0006195786864931846,0.006878952623987573,0.00034043229227247065,0.0027675276752767526,0.0006446929311316257,0.002888980602558811,0.0018656716417910447,,0.001903948468833965
C1,,0.0007528638770778615,0.00020435967302452317,,7.796055196070789e-05,,0.0008811003964951784,0.0006148548942449582,,,,0.00014210601108426886,0.0004104805621521927,,0.0006368919672000636,6.011277155944552e-06,,,0.0024849130280440185,0.0002566286517040364,0.0003704801422643746,,0.0006661115736885929,,0.0014140938015555031,,,7.984988222142372e-05,,,,,4.238204018665051e-06,,0.000518722645485492,0.001949317738791423,,,0.0011121888134497252,,,1.4633655578623887e-05,,0.00033898305084745765,0.00018258170531312764,,,0.0013295716185102312,,,0.0009855453350854138,,0.0006146117257228368,,0.0004438033950959725,0.00060994119032151,,0.0006771984570710354,,,,0.0003263018530194103
C8,,8.555271330430244e-06,,,,,1.2237505506877478e-05,,,,,,3.748680932896737e-06,,7.961149590000795e-05,,,,,,,,0.00016652789342214822,,,,,,,,,,,,,,,,,,,,,,,,,,,,0.000657030223390276,,,,,,,5.4175876565682834e-06,,,,2.404582557254313e-06
D#7,,0.0005817584504692567,,,,0.003915426781519186,0.0015296881883596848,0.0003279226102639777,,0.0011909487892020642,4.120992334954257e-05,0.00014210601108426886,0.007244325902822944,0.010879025239338555,0.005652416208900566,0.0002544773996016527,0.0016903649199562494,,0.0001774937877174299,0.0011703151444089244,0.0014078245406046236,,0.0006661115736885929,0.0009022013713460845,0.0021211407023332546,0.024234454255119293,,0.00047909929332854237,,,,,2.1191020093325252e-05,,,0.0003248862897985705,,0.00777302759424796,0.0005345403599525811,,0.0002055076037813399,2.743810420991979e-05,0.02145922746781116,0.0013182674199623352,0.001612805063599294,7.446293607356939e-05,0.0006105006105006105,0.0010052858578979797,0.0030511060259344014,,0.005584756898817346,0.0008665069575411591,0.0006680562236117791,0.0006195786864931846,,0.00019858550382560787,0.0009225092250922509,0.00033589043470723357,0.0016508460586050352,0.005970149253731343,,0.0014069212542494986
D1,,0.0007100875204257103,0.0008174386920980927,,0.00015592110392141577,0.0007830853563038371,0.0006853003083851387,0.0010247581570749303,,,0.00024725954009725544,0.0030552792383117806,0.0006391500990588937,0.0009791122715404699,0.002069898893400207,3.2060144831704275e-05,,,,0.0003075119188522505,0.0014078245406046236,0.00012712133731646857,0.0033305578684429643,0.00018044027426921688,0.00023568230025925054,,,0.00019962470555355931,0.0018066847335140017,,,,2.9667428130655354e-05,,0.002982655211541579,0.0016244314489928524,0.0019946808510638296,,0.0013665265653626467,,0.0004110152075626798,3.1096518104575764e-05,,0.0009792843691148775,0.0006390359685959466,,,0.001459285922755132,,,,0.00015291299250726336,0.0006947784725562504,,,0.00036596471419290597,,0.0015819355957179388,,0.00037313432835820896,,0.0004510996877409091
E7,,0.0002737686825737678,0.0019073569482288828,,0.00015592110392141577,0.004045941007569825,0.0014685006608252974,0.0002869322839809805,,,0.00018544465507294155,,0.004835798403436791,0.003154917319408181,0.0059708621925005975,0.0003706954246165807,0.00034801630704981606,,0.0014199503017394391,0.0008141322743714257,0.0006668642560758743,,0.00033305578684429644,0.0025261638397690365,0.0028281876031110063,0.006763103513056547,,0.000279474587774983,,,,,2.1191020093325252e-05,,0.0001945209920570595,0.0005414771496642842,,0.003303536727555383,0.001353594137299278,,6.850253459377997e-05,1.6462862525951875e-05,0.00042918454935622315,0.0014312617702448211,0.00021301198953198222,3.723146803678469e-05,0.004273504273504274,0.0007134286733469533,0.005339435545385202,,0.0032851511169513796,0.00010194199500484225,0.0036342258564480787,0.0009293680297397769,,0.0002099332469013569,,0.00022212109391929962,0.0070160957490713995,,7.0293334083128896e-06,0.001062585032050681
F7,,0.00031654503922591906,0.0010217983651226157,,7.796055196070789e-05,0.0014356564865570347,0.0006791815556317,,,,0.00012362977004862772,7.105300554213443e-05,0.002614704950695474,0.002393385552654482,0.0030252368442003027,0.00021840973666598538,0.003181863378741175,,0.0001774937877174299,0.0006327223654082276,7.409602845287492e-05,,0.00033305578684429644,,0.0009427292010370022,0.009768927296637234,,,,,,,1.2714612055995152e-05,,9.726049602852975e-05,0.00043318171973142733,,0.0058297706956859695,0.0005690268347882315,,0.00013700506918755994,1.2804448631295902e-05,0.01759656652360515,0.0014689265536723163,0.0006694662528148013,7.446293607356939e-05,0.001628001628001628,0.00048642864091837725,0.002288329519450801,,0.002956636005256242,0.0006116519700290534,0.000320666987333654,,,0.00030355212727628636,0.00046125461254612545,0.00022212109391929962,0.003714403631861329,0.0007462686567164179,7.0293334083128896e-06,0.0006398594184853727
G#7,,0.0002138817832607561,,,,0.00039154267815191856,0.00022639385187723333,,,,,,0.0003786167742225704,0.0002175805047867711,0.0013533954303001354,2.003759051981517e-06,,,,2.2123159629658307e-06,7.409602845287492e-05,,,0.00036088054853843375,0.00023568230025925054,,,,,,,,8.476408037330102e-06,,,0.00010829542993285683,,0.004663816556548776,3.879728419010669e-05,,6.850253459377997e-05,,,0.0003766478342749529,6.0860568437709206e-05,,,0.00016214288030612576,0.002288329519450801,,0.0019710906701708277,,8.01667468334135e-05,0.0012391573729863693,,,,9.209899016166082e-05,0.005777961205117622,,,9.45000945000945e-05
G7,,5.133162798258147e-05,0.00027247956403269756,,,0.00039154267815191856,0.00018968133535660092,,,0.0011909487892020642,,0.0002131590166264033,0.0010908661514729505,0.0034812880765883376,0.0009553379508000956,6.011277155944552e-06,0.00019886646117132345,,0.0003549875754348598,2.212315962965831e-05,0.00014819205690574984,,,0.00018044027426921688,0.00023568230025925054,0.0007514559458951719,,3.992494111071186e-05,,,,,4.238204018665051e-06,,0.0001945209920570595,0.00021659085986571366,,0.001554605518849592,0.00011208104321586378,,6.850253459377997e-05,,,0.00011299435028248587,0.0005477451159393829,,,0.0003242857606122515,0.0030511060259344014,,0.0019710906701708277,0.002548549875121056,0.0012292234514456736,0.0006195786864931846,,2.5532421920435298e-05,,0.00012460451610107052,0.0012381345439537762,0.0007462686567164179,,0.00022218342829029853
